,index,Chromosome,Start,Length,Strand,Sequence,G4
0,182,chr1,29326613.0,56,+,GGTTATTTTTGGTTGGGTGGGTGGGAAGGTCTCTTTAAAATGGGGCAGGCCACACC,1.0
1,57,chr1,109929922.0,40,+,GAGGGAAGGGACUAGUGGGAGAGAGCAAGGGAGGGGAGGG,1.0
2,96,chr1,47416072.0,25,+,GGGAAGGGGUGAGUCUGGGUCUGGG,1.0
3,218,chr1,218345646.0,23,+,GGGAAAGGGUGGGAGUCCAAGGG,1.0
4,15,chr1,156591766.0,20,+,GGGCCGGGCCGGGCCGGGGG,0.0
5,184,chr1,40240781.0,17,+,GGGAGGGAGGGCUAGGG,1.0
6,159,chr1,114716863.0,55,-,GGUCUUCGGACCAAGGGAGGGGCGGGUCUGGGCAAAUCGCGCUUCGGUGCGGUUC,1.0
7,155,chr1,114716863.0,20,-,GUGGGAGGGGCGGGUCUGGG,1.0
8,195,chr1,36341627.0,20,-,GGGACAGGGCAGGGACAGGG,1.0
9,75,chr2,74557193.0,58,+,GGCAGAAGCCAGAGGGTGGGAGGGGCCATGCTGTGTGAGACCAGGGGACCAGAGGGAT,1.0
10,19,chr2,218217161.0,30,+,AGCCGGGGGCUGGGCGGGGACCGGGCUUGU,1.0
11,152,chr2,177264744.0,31,-,UGUGGGGCGGGAGGCGGAGCGGGGCAGGGGC,1.0
12,230,chr2,217801498.0,19,-,GGGCUGGGAUGGGAAAGGG,1.0
13,98,chr3,180976568.0,57,+,GGGCAAAAUAUGGCAGAGAUGGGGGGUGGUGGGUGGGGUGGGAUCCCUAACGUAAUA,1.0
14,253,chr3,147410067.0,27,+,GGGUGGGGGGGGCGGGGGAGGCCGGGG,1.0
15,28,chr3,52401796.0,21,-,GGGUGGGCCCUGGGCUCUGGG,1.0
16,203,chr3,169765043.0,18,-,GGGUUGCGGAGGGUGGGC,1.0
17,252,chr3,44923013.0,17,-,GGGUGGGCUGGGAUGGG,1.0
18,95,chr4,122826692.0,538,+,CGCCGAACUCAGAGGCCGGCCCCAGAAAACCCGAGCGAGUAGGGGGCGGCGCGCAGGAGGGAGGAGAACUGGGGGCGCGGGAGGCUGGUGGGUGUGGGGGGUGGAGAUGUAGAAGAUGUGACGCCGCGGCCCGGCGGGUGCCAGAUUAGCGGACGCGGUGCCCGCGGUUGCAACGGGAUCCCGGGCGCUGCAGCUUGGGAGGCGGCUCUCCCCAGGCGGCGUCCGCGGAGACACCCAUCCGUGAACCCCAGGUCCCGGGCCGCCGGCUCGCCGCGCACCAGGGGCCGGCGGACAGAAGAGCGGCCGAGCGGCUCGAGGCUGGGGGACCGCGGGCGCGGCCGCGCGCUGCCGGGCGGGAGGCUGGGGGGCCGGGGCCGGGGCCGUGCCCCGGAGCGGGUCGGAGGCCGGGGCCGGGGCCGGGGGACGGCGGCUCCCCGCGCGGCUCCAGCGGCUCGGGGAUCCCGGCCGGGCCCCGCAGGGACCAUGGCAGCCGGGAGCAUCACCACGCUGCCCGCCUUGCCCGAGGAUGGCGGCAGCG,1.0
19,43,chr5,173144440.0,54,+,GGCTCTAGGGGGCGCTGCCCCGAGACTGGGTGGGGAGGGAAAGAAGGTGGTGCG,1.0
20,171,chr5,135028038.0,36,-,AGCGGGCAGUGCGGGCCUGGCGGGAGGUGGGGGAGG,1.0
21,167,chr5,135028717.0,30,-,GAGCGGGGAAGGGCGCGGGCGCGGGCGCGG,1.0
22,169,chr5,135028187.0,30,-,GUUGGGGCGGGCGUUGGGUUUGGGGGGACG,1.0
23,64,chr6,73394740.0,57,+,GGCAGTGCGAAGTGGGCGGGATAGAGAGCGTGGGCGGGGGGGCTAGCCTCGTGCGGG,1.0
24,92,chr6,151944226.0,36,+,GAUGAUGGGGAGGGCAGGGGUGAAGUGGGGUCUGCU,1.0
25,164,chr6,37174369.0,22,+,GGGGGUGGGGGGUGGGGGUGGG,1.0
26,241,chr6,43770982.0,18,+,GGAGGAGGGGGAGGAGGA,1.0
27,51,chr6,41941765.0,20,-,GGGCGGCGGGCGGGCUGGGG,1.0
28,240,chr7,157139098.0,17,+,GGGCAGGGCUGGGAGGG,1.0
29,191,chr7,99143830.0,65,-,GGGAGACAAGAAUAAACGCUCAAGGGCCGGGCCGGGCCGGGUUCGACAGGAGGCUCACAACAGGC,1.0
30,86,chr8,109539882.0,45,+,GGAGCCUCCGCCGGGCGGGCGGGGAGGGGGAGGGGCAGGUUUUGA,1.0
31,133,chr8,142773471.0,21,-,GGGACCUUGGGUGGGAACGGG,1.0
32,141,chr8,88327259.0,20,-,GAGGGAGGGAGGGAGAGGGA,1.0
33,59,chr8,11868120.0,18,-,GGGGCGGGGCCGGGAGGG,1.0
34,29,chr9,132582731.0,46,+,GGGGCAGCGGCGGCUGGGGUUGGGGGUGGGUGGGGAGCUUUUGGGG,1.0
35,45,chr9,27573524.0,23,-,GGGGCCGGGGCCGGGGCCGGGGC,1.0
36,54,chr10,35126900.0,125,+,GGGAGCCUGGAUUUUUUUCCUCGGGGCCUCCCCCGGGAGGCCGUCCCGGCGUGGGGGAGGGGAGGACGGGGCGGGAGGACGCGGUUCGGUCGGCUGCAGCGCUACUUUUGGUCCGGGGUCGGCAG,1.0
37,9,chr10,47523885.0,131,-,GGGUGAGCUGUUGGGGAGGGGUGGCAGGCAGGGUGGGGCACUGUGAGGUGUCGGGGAGGGCAUUGUGAAGUGUGGGGUGGGGCAUUGUGUGCCACAUGCCUGGGCUCCCACCUGGGGCCAGUGGGCUUCAG,1.0
38,128,chr11,68449189.0,50,+,GGAAAUGUGAACUGUGAUGGGGUGGGCAGGGCUGGGAGAACUUUGUACAG,1.0
39,127,chr11,68449194.0,44,+,GGGAACUGUGAUGGGGUGGGCAGGGCUGGGAGAACUUUGUACAG,1.0
40,0,chr11,106077565.0,38,+,GGGGGCGGGCUGGGAGGGCUGUCGGUGGGCCAGUCUGC,1.0
41,134,chr11,65613848.0,55,-,GGCUCCCCAGAGAGGCGUGGGUCUGGGGCUGAGGGCCAGGGCCCGGAUGCCCAGG,0.0
42,116,chr11,2130758.0,39,-,GGAGGGGUGGGUGGGGGGCAGUGGGGGCUGGGCGGGGGG,1.0
43,115,chr11,2137217.0,35,-,GGCUUCCUCCUCCUCCUCUUCCUCCUCCUCCUCCU,0.0
44,25,chr11,117295272.0,33,-,UACACCCAGGGCAAGUGGGAAGGGGAGCUGGGC,1.0
45,109,chr11,126355552.0,27,-,GGGGUGGAGGAGGGGGAAGGGCGGGGG,1.0
46,24,chr11,117295271.0,26,-,GGGCAAGUGGGAAGGGGAGCUGGGCA,1.0
47,118,chr11,2161073.0,19,-,AGGGAGGACGUGGCUGGGC,1.0
48,50,chr12,120093276.0,22,+,GGGCCCCAUGGGUCCGGGAGGG,1.0
49,90,chr12,991438.0,18,+,GGGCUGGGCUGGGCAGGG,1.0
50,126,chr12,25250870.0,16,-,UGGCGGCGGCGAAGGU,1.0
51,125,chr12,25250904.0,13,-,GCGGCGGCGGAGG,1.0
52,251,chr14,100238932.0,47,+,GGAGCGCCGGCCCGGAGGGCGGGAGGAGGCGCGGCCAGGGCGGGCGG,0.0
53,249,chr14,100238897.0,45,+,GGAAGGAGGCGGAGGCGCAGGAGGAAGGGGGAAGCGGAGCGCCGG,0.0
54,250,chr14,100238897.0,45,+,GGAAGGAGGCGGAGGCGCAGGAGGAAGGGGGAAGCGGAGCGCCGG,1.0
55,247,chr14,100238765.0,36,+,AGGGCGAACGGGCGAGUGGCAGCGAGGCGGGGCGGG,0.0
56,248,chr14,100238765.0,36,+,AGGGCGAACGGGCGAGUGGCAGCGAGGCGGGGCGGG,1.0
57,245,chr14,100239035.0,33,+,GGGCGCGGGCGCACCGAGGCGAGGGAGGCGGGG,0.0
58,246,chr14,100239035.0,33,+,GGGCGCGGGCGCACCGAGGCGAGGGAGGCGGGG,1.0
59,163,chr14,36662125.0,16,+,GGGAAGGGAGGGAGGG,1.0
60,162,chr14,36662154.0,15,+,GGGAGGGAGGGAGGG,1.0
61,93,chr14,64338146.0,126,-,GGGAGUGUCAGAGCUGGAGCGCGCGUGGCCCCCUCUGUGUUGGGGUCACCCCGGGGUUGCCAGGGCUCAGGGAGGGUCGUAGUCUGGAUUUUCUCACCCGCACGUCCCCACCCCCCAGCAGGUCUG,0.0
62,151,chr15,73052529.0,65,+,GGGAGACAAGAAUAAACGCUCAAGGGCCGGGCCGGGCCGGGUUCGACAGGAGGCUCACAACAGGC,1.0
63,5,chr15,58749885.0,30,-,UGGGGGACGGGUAGGGGCGGGAGGUAGGGG,1.0
64,145,chr16,56582694.0,57,+,GGUCUUCGGACCAAGAGGGAGGGAGGGAGAGGGACAAAUCGCGCUUCGGUGCGGUUC,1.0
65,78,chr16,2223672.0,36,+,AAAGCCGGGCGGGAAGCGGGCGAGGGUGCAAAAAAA,1.0
66,79,chr16,2223672.0,36,+,AAAAGCCGGGCGGGAAGCGGGCGAGGGUGCAAAAAA,1.0
67,80,chr16,2223672.0,36,+,AAAAAGCCGGGCGGGAAGCGGGCGAGGGUGCAAAAA,1.0
68,82,chr16,2223672.0,36,+,AAAAAAGCCGGGCGGGAAGCGGGCGAGGGUGCAAAA,1.0
69,83,chr16,2223672.0,36,+,AAAAAAAGCCGGGCGGGAAGCGGGCGAGGGUGCAAA,1.0
70,85,chr16,2223672.0,36,+,AAAAAAAAAGCCGGGCGGGAAGCGGGCGAGGGUGCA,1.0
71,10,chr16,53503240.0,19,-,GGGGUGGGGCGGGGCGGGG,1.0
72,206,chr16,69385864.0,18,-,CGGGAGGGCGGGGAGGGC,1.0
73,102,chr17,44557611.0,60,+,GGGGAAGAAGCGCAGUCUCCGGGUUGGGGGCGGGGGCGGGGGGGGCGCCAAGGAGCCGGG,1.0
74,226,chr17,7549083.0,54,+,GGCUCCCCCUCCCCCGAUCCCUCGGGUCCCGGGAUGGGGGGGCGGUGAGGCAGG,0.0
75,223,chr17,40074366.0,49,+,GGGUGCUGUGCCCUAGGGCCUGGGUGGCAGGGGGUGGGUGGCCUGUGGG,1.0
76,222,chr17,40074299.0,44,+,CCCACCGCCCGCCCCCCUUGGGGCGCAGGGCAUGGUGUGAAAGG,0.0
77,221,chr17,40074318.0,25,+,GGGGCGCAGGGCAUGGUGUGAAAGG,1.0
78,194,chr17,39663188.0,19,+,GGGCAGGGUCUGGGCUGGG,1.0
79,199,chr17,35847071.0,16,+,GGGUGGGAGGGCUGGG,1.0
80,73,chr17,181498.0,56,-,GGGCCUGCUGAGCCGCCCCCGGGCCGGGGUCGCGCCGGGCCGGGCCGCGCCCGGGG,0.0
81,236,chr17,7668274.0,49,-,AUGAGUGUGGGCUGGGGGGCCCAGUGCCCGGGUUCCGGGAGGGGAACAA,1.0
82,56,chr17,1456161.0,34,-,CCGCUGGGCGGCGGGCGCCGGGGGCCGGAGGGGC,1.0
83,234,chr17,7676347.0,25,-,AGGGUUGGGCUGGGACCUGGAGGGC,1.0
84,233,chr17,7676315.0,22,-,AGGGCUGGGGGGGCUGGGGGGC,1.0
85,67,chr17,7190043.0,19,-,GGGAAAAGGGAGGGAUGGG,1.0
86,166,chr17,6454319.0,17,-,GGGUGGGCUGGGAAGGG,1.0
87,66,chr17,7190009.0,15,-,GGGAGGGAGGGUGGG,1.0
88,33,chr18,63319994.0,31,-,CCGGGGCUCCGGGCCCUCCCUGCCGGCGGCC,0.0
89,32,chr18,63318709.0,25,-,GGGGGCCGUGGGGUGGGAGCUGGGG,1.0
90,101,chr19,35142531.0,29,+,GGGAGACUGCGGGUAUUCUGGGGAGAGGG,1.0
91,257,chr19,13831628.0,23,+,GGGCACUAGGGUCCCAGGGUGGG,1.0
92,14,chr19,1470557.0,21,+,GGGUCCGGGUCUGGGUCUGGG,1.0
93,187,chr19,50659746.0,30,-,GGGGAGGAGAGGUCGGGGUGGGGAGUGGGG,1.0
94,186,chr19,50659777.0,28,-,GGGGUUGGGGAGGGUGUAGGGGGUGGGG,1.0
95,8,chr19,14150815.0,21,-,GGGAGGGAACCCUGGGCAGGG,1.0
96,188,chr19,47428971.0,21,-,GGGCCAAGGGAUCUGGGUGGG,1.0
97,53,chr19,41619128.0,19,-,GGGCUCUGGGUGGGCCGGG,1.0
98,175,chr20,4699380.0,15,+,GGUGGUGGCUGGGGG,1.0
99,174,chr20,4699386.0,14,+,GGCUGGGGGCAGCC,0.0
100,41,chr20,31721793.0,34,-,CCGGGAUGGGGUAAACUGGGGUCGCAUUGUGGCC,1.0
101,39,chr20,31721917.0,33,-,GAGGGAGGCAGGCGACGAGUUUGAACUGCGGUA,1.0
102,40,chr20,31665988.0,33,-,CUGGUUCCUGACGGGCAUGACUGUGGCCAGGUA,1.0
103,38,chr20,31721722.0,29,-,AAGGAGAUGCAGGUAUUGGUGAGUCGGAU,1.0
104,37,chr20,31721652.0,28,-,UUGGAUCCAGGAGAACGGCGGCUGGGUA,1.0
105,36,chr20,31721760.0,23,-,UCGGCGGGGCACUGUGCGUGGAA,1.0
106,192,chr20,36777674.0,20,-,GGGAGGGAAGGGACCAAGGG,1.0
107,148,chr21,20998418.0,54,+,GGAGGAGCGCGCGGGCUGCGGGCGGCUGGGGCACCGCGGGAGCGGCGGCGGCGG,1.0
108,17,chr21,25880933.0,18,-,GGGGCGGGUGGGGAGGGG,1.0
109,201,chr22,41381987.0,69,+,GGCCCATCTCGGGGGGCGGGCGGGGGAGGCGAGGTGCGCGAGCCGAGTCCGGGGCACGATGTCCGACGC,1.0
110,112,chr22,19431558.0,62,-,GGGCGCGGCGGCCCUGAGGGCGCGGGGCGGGCGGCGGCCGGAGGGCGGGUGGCGCGGGAGGA,1.0
