Chromosome,Start,Length,Strand,Sequence,G4
chr11,106077565,38,+,GGGGGCGGGCUGGGAGGGCUGUCGGUGGGCCAGUCUGC,1
chr11,106077564,121,+,GGGAUUACAGCUCUUAAGGCUAGAGUACUUAAUACGACUCACUAUAGGCUAGCGGGGGCGGGCUGGGAGGGCUGUCGGUGGGCCAGUCUGCGUAGCGACGGCCCGUCCCCUGCGCACGGAC,1
chr11,106077564,174,+,GAUCGAUCGCUAGCGGGGGCGGGCUGGGAGGGCUGUCGGUGGGCCAGUCUGCGUAGCGACGGCCCGUCCCCUGCGCACGGACGCCGGGAAGAAGGGGGUGGGGCCACGUUUGCGUCCGCGCCAUCAGGCCCGAGAUAGCGGCGAGGUCCGCUUUCAGUGUGCUAGCGAUCGAUC,1
chr5,132011568,65,-,GGGAGACAAGAAUAAACGCUCAAGGGCCGGGCCGGGCCGGGUUCGACAGGAGGCUCACAACAGGC,1
chr2,157628756,130,-,GGGCCGCCCGGCUGCGGGGCCAGUGGCAGGAGCGCCGCGCACCGCCAGCCGCAGGGGGCGUGGGAUGGGGGCGGCCGGGGAGGGGGGCGCCCACACUGACUAGAGCCAACCGCGCACUUCAAAAGGGUGU,1
chr15,58749885,30,-,UGGGGGACGGGUAGGGGCGGGAGGUAGGGG,1
chr15,58749885,66,-,GGUCUUCGGACCAAGGGGGACGGGUAGGGGCGGGAGGUAGGGGCAAAUCGCGCUUCGGUGCGGUUC,1
chr15,58749535,444,-,GCGGCGGCAGGCCUAGCAGCACGGGAACCGUCCCCCGCGCGCAUGCGCGCGCCCCUGAAGCGCCUGGGGGACGGGUAGGGGCGGGAGGUAGGGGCGCGGCUCCGCGUGCCAGUUGGGUGCCCGCGCGUCACGUGGUGAGGAAGGAGGCGGAGGUCUGAGUUUCGAAGGAGGGGGGGAGAGAAGAGGGAACGAGCAAGGGAAGGAAAGCGGGGAAAGGAGGAAGGAAACGAACGAGGGGGAGGGAGGUCCCUGUUUUGGAGGAGCUAGGAGCGUUGCCGGCCCCUGAAGUGGAGCGAGAGGGAGGUGCUUCGCCGUUUCUCCUGCCAGGGGAGGUCCCGGCUUCCCGUGGAGGCUCCGGACCAAGCCCCUUCAGCUUCUCCCUCCGGAUCGAUGUGCUGCUGUUAACCCGUGAGGAGGCGGCGGCGGCGGCAGCGGCAGCGGAAG,1
chr19,14150815,21,-,GGGAGGGAACCCUGGGCAGGG,1
chr10,47523885,131,-,GGGUGAGCUGUUGGGGAGGGGUGGCAGGCAGGGUGGGGCACUGUGAGGUGUCGGGGAGGGCAUUGUGAAGUGUGGGGUGGGGCAUUGUGUGCCACAUGCCUGGGCUCCCACCUGGGGCCAGUGGGCUUCAG,1
chr16,53503240,19,-,GGGGUGGGGCGGGGCGGGG,1
chr16,53503115,211,-,GGGGUGGGGCGGGGCGGGGAUCAAGCAGGGGCAGGGCUGGCGCUGCGGCGGGAGAUGCUGUCGGGCCGCGGCGGCGCUUGGCAGCCAGGAGCUCUGCAUUGAAGGCACUGGGGUGAGGCUUACUGCCCGGCAGGCUGGUGGGUAAAGUGAAUGCCGAAGACAGAAGAUUUGGAUGAUACACCACUGACUUUCUUUGUUUGGAAUACACGUU,1
chr5,112707534,74,+,GGGCAAGUAGCAAGGGGGCGGGGUGUGGCCGCCGGAAGCCUAGCCGCUGCUCGGGGGGGACCUGCGGGCUCAGG,1
chr5,112707505,235,+,AGAGCUAGCAGUCUUCCCACCUCCCACAAGAUGGCGGAGGGCAAGUAGCAAGGGGGCGGGGUGUGGCCGCCGGAAGCCUAGCCGCUGCUCGGGGGGGACCUGCGGGCUCAGGCCCGGGAGCUGCGGACCGAGGUUGGCUCGAUGCUGUUCCCAGGUACUGUUGUUGGCUGUUGGUGAGGAAGGUGAAGCACUCAGUUGCCUUCUCGGGCCUCGGCGCCCCCUGCUAGCACUGACU,1
chr19,1470557,21,+,GGGUCCGGGUCUGGGUCUGGG,1
chr1,156591766,20,+,GGGCCGGGCCGGGCCGGGGG,0
chr1,156591766,39,+,GGGCCGGGCCGGGCCGGGGGCGCGCGCUCUGCGAGCUGG,0
chr21,25880933,18,-,GGGGCGGGUGGGGAGGGG,1
chr21,25880551,1097,-,AAGUUGGACAGCAAAACCAUUGCUUCACUACCCAUCGGUGUCCAUUUAUAGAAUAAUGUGGGAAGAAACAAACCCGUUUUAUGAUUUACUCAUUAUCGCCUUUUGACAGCUGUGCUGUAACACAAGUAGAUGCCUGAACUUGAAUUAAUCCACACAUCAGUAAUGUAUUCUAUCUCUCUUUACAUUUUGGUCUCUAUACUACAUUAUUAAUGGGUUUUGUGUACUGUAAAGAAUUUAGCUGUAUCAAACUAGUGCAUGAAUAGAUUCUCUCCUGAUUAUUUAUCACAUAGCCCCUUAGCCAGUUGUAUAUUAUUCUUGUGGUUUGUGACCCAAUUAAGUCCUACUUUACAUAUGCUUUAAGAAUCGAUGGGGGAUGCUUCAUGUGAACGUGGGAGUUCAGCUGCUUCUCUUGCCUAAGUAUUCCUUUCCUGAUCACUAUGCAUUUUAAAGUUAAACAUUUUUAAGUAUUUCAGAUGCUUUAGAGAGAUUUUUUUUCCAUGACUGCAUUUUACUGUACAGAUUGCUGCUUCUGCUAUAUUUGUGAUAUAGGAAUUAAGAGGAUACACACGUUUGUUUCUUCGUGCCUGUUUUAUGUGCACACAUUAGGCAUUGAGACUUCAAGCUUUUCUUUUUUUGUCCACGUAUCUUUGGGUCUUUGAUAAAGAAAAGAAUCCCUGUUCAUUGUAAGCACUUUUACGGGGCGGGUGGGGAGGGGUGCUCUGCUGGUCUUCAAUUACCAAGAAUUCUCCAAAACAAUUUUCUGCAGGAUGAUUGUACAGAAUCAUUGCUUAUGACAUGAUCGCUUUCUACACUGUAUUACAUAAAUAAAUUAAAUAAAAUAACCCCGGGCAAGACUUUUCUUUGAAGGAUGACUACAGACAUUAAAUAAUCGAAGUAAUUUUGGGUGGGGAGAAGAGGCAGAUUCAAUUUUCUUUAACCAGUCUGAAGUUUCAUUUAUGAUACAAAAGAAGAUGAAAAUGGAAGUGGCAAUAUAAGGGGAUGAGGAAGGCAUGCCUGGACAAACCCUUCUUUUAAGAUGUGUCUUCAAUUUGUAUAAAAUGGUGUUUUCAUGUAAAUAAAUACAUUCUUGGAGGAGC,1
chr2,218217161,30,+,AGCCGGGGGCUGGGCGGGGACCGGGCUUGU,1
chr2,218217094,169,+,GGCGCCGCGGGGCCGCGCGUCCAGGCGGCGAGCGGAAGUGGGUGUGAGAGCGGAAGUGGCCGGCUAGAGCCGGGGGCUGGGCGGGGACCGGGCUUGUCGGUGAAGCGGCAGUGGCGGCGGCGGCGGCGGCUCGGCAGGCGGGUUCAGGCUUCGGGGGCCAGCCGCCGCC,1
chr1,206110084,62,-,GGTTCTCTGCCCACCTCGGGCACTGGAAATGAGAGCTGGGAGGGTAAGGGTTGGAGTTAGAG,1
chr1,206109849,340,-,GAAAGACTCGCTGGGGTCTGGTACTGCCCCCAGGACTAGTGGAGGTTCTCTGCCCACCTCGGGCACTGGAAATGAGAGCTGGGAGGGTAAGGGTTGGAGTTAGAGGAGCCCTGTCTAAAGCGGAGCGAAAAGGCCAGAATGGGTCCCCTACCCTGGTGTCACAGCTGCCCCTAGTGTGAGGGCTGCCTCATAAGCTCCCAATCTCAGACACTGGCAGTCAGGGAGAATCAAACTGCCTGTCTCCCTGGTCCTGCCATATTCATAGGGTGTCCATGCACACATGGTGTCCCAGATCTAGGCAGGCCTAGGATGGTGCTGTCTAGGGGTCCACGGGTGGCAG,1
chr19,41425486,76,-,GGTTCCCCGGGGCCGGCCCCTGGCTCAGCCCCTCCTTCCAGGTCTTGATGGGAGGGAGGAGGGGAAATTCATATCC,0
chr11,117295271,26,-,GGGCAAGUGGGAAGGGGAGCUGGGCA,1
chr11,117295272,33,-,UACACCCAGGGCAAGUGGGAAGGGGAGCUGGGC,1
chr9,33264683,83,-,GGGCAGGCCGGGGCGGGGCUGGGAAGUAGUCGGGCGGGGUUGUGAGACGCCGCGCUCAGCUUCCAUCGCUGGGCGGUCAACAA,1
chr9,33264675,87,-,AGGCCGGGGCGGGGCUGGGAAGUAGUCGGGCGGGGUUGUGAGACGCCGCGCUCAGCUUCCAUCGCUGGGCGGUCAACAAGUGCGGGC,1
chr3,52401796,21,-,GGGUGGGCCCUGGGCUCUGGG,1
chr9,132582731,46,+,GGGGCAGCGGCGGCUGGGGUUGGGGGUGGGUGGGGAGCUUUUGGGG,1
chr9,132582695,123,+,GGGCCCGCCUUCCCCAUGCCAGCCCGCAGCUAGGGGCAGGGGCAGCGGCGGCUGGGGUUGGGGGUGGGUGGGGAGCUUUUGGGGAGGACAGGUCGCAGCUUGGCUGCUAGCCACCAUGACUUC,1
chr9,132582605,204,+,GCUAGCCUUUUGGAUCUAAUGCGCAGAGGAGGUUGGCCCAGAGCUCCCGGGCUCCCCCAAGGCUGAACUCCGUCCAAGGUGCCCGCAGGCUCCCUGCCCGCCUUCCCCAUGCCAGCCCGCAGCUAGGGGCAGGGGCAGCGGCGGCUGGGGUUGGGGGUGGGUGGGGAGCUUUUGGGGAGGACAGGUCGCAGCUUGGCUGCUAGC,1
chr18,63318709,25,-,GGGGGCCGUGGGGUGGGAGCUGGGG,1
chr18,63319994,31,-,CCGGGGCUCCGGGCCCUCCCUGCCGGCGGCC,0
chr18,63318709,62,-,GGUCUUCGGACCAAGGGGGCCGUGGGGUGGGAGCUGGGGCAAAUCGCGCUUCGGUGCGGUUC,1
chr18,63318667,493,-,GGGCUGUGAAGCAGAAGUCUGGGAAUCGAUCUGGAAAUCCUCCUAAUUUUUACUCCCUCUCCCCGCGACUCCUGAUUCAUUGGGAAGUUUCAAAUCAGCUAUAACUGGAGAGUGCUGAAGAUUGAUGGGAUCGUUGCCUUAUGCAUUUGUUUUGGUUUUACAAAAAGGAAACUUGACAGAGGAUCAUGCUGUACUUAAAAAUACAACAUCACAGAGGAAGUAGACUGAUAUUAACAAUACUUACUAAUAAUAACGUGCCUCAUGAAAUAAAGAUCCGAAAGGAAUUGGAAUAAAAAUUUCCUGCAUCUCAUGCCAAGGGGGAAACACCAGAAUCAAGUGUUCCGCGUGAUUGAAGACACCCCCUCGUCCAAGAAUGCAAAGCACAUCCAAUAAAAUAGCUGGAUUAUAACUCCUCUUCUUUCUCUGGGGGCCGUGGGGUGGGAGCUGGGGCGAGAGGUGCCGUUGGCCCCCGUUGCUUUUCCUCUGGGAAGGC,1
chr20,31721760,23,-,UCGGCGGGGCACUGUGCGUGGAA,1
chr20,31721652,28,-,UUGGAUCCAGGAGAACGGCGGCUGGGUA,1
chr20,31721722,29,-,AAGGAGAUGCAGGUAUUGGUGAGUCGGAU,1
chr20,31721917,33,-,GAGGGAGGCAGGCGACGAGUUUGAACUGCGGUA,1
chr20,31665988,33,-,CUGGUUCCUGACGGGCAUGACUGUGGCCAGGUA,1
chr20,31721793,34,-,CCGGGAUGGGGUAAACUGGGGUCGCAUUGUGGCC,1
chr20,31665988,681,-,GGGAGGUGAUCCCCAUGGCAGCAGUAAAGCAAGCGCUGAGGGAGGCAGGCGACGAGUUUGAACUGCGGUACCGGCGGGCAUUCAGUGACCUGACAUCCCAGCUCCACAUCACCCCAGGGACAGCAUAUCAGAGCUUUGAACAGGUAGUGAAUGAACUCUUCCGGGAUGGGGUAAACUGGGGUCGCAUUGUGGCCUUUUUCUCCUUCGGCGGGGCACUGUGCGUGGAAAGCGUAGACAAGGAGAUGCAGGUAUUGGUGAGUCGGAUCGCAGCUUGGAUGGCCACUUACCUGAAUGACCACCUAGAGCCUUGGAUCCAGGAGAACGGCGGCUGGguaagaaccaagccccuugugugucccuuuucuuuggccucuggucagagauccccaacagcccuucuucuguaucucuuucuguuguguugggugauuguuggagacguugauaguugaggaaaccugacuggccucauuucaccacaagagguuaacuccuuggaaauacaaaugacccccacccaccuacaucacucucugaggacuaaaacugcaccuuccuucucucucccugcagGAUACUUUUGUGGAACUCUAUGGGAACAAUGCAGCAGCCGAGAGCCGAAAGGGCCAGGAACGCUUCAACCGCUGGUUCCUGACGGGCAUGACUGUGGCCAGGUAAGUA,1
chr5,173144440,54,+,GGCTCTAGGGGGCGCTGCCCCGAGACTGGGTGGGGAGGGAAAGAAGGTGGTGCG,1
chr5,173144442,104,+,CTCTAGGGGGCGCTGCCCCGAGACTGGGTGGGGAGGGAAAGAAGGTGGTGCGAAAACGCGTTTGAACTTGGGTCCTGCCGCTGCCCGTAGCCGGCGTCCCCAAC,1
chr9,27573524,23,-,GGGGCCGGGGCCGGGGCCGGGGC,1
chr9,27573524,24,-,GGGGCCGGGGCCGGGGCCGGGGCC,1
chr5,150219501,193,-,UCUCUCUCUCUCUCUCUCUCUCUCUCUCUCUCUCUCUCUCUCUCUCUCUCUCUCUUUCUUUUUUAUUAUGUGGCUGUGAACUUGAAUGACCAUUGCUCAAACUUUCUGCUACUGGGGGGGUGGGUGGGGGAGGGGAGAAGAGACGUCUGUUUUAUUCUUGGUGUUUUCAGUGGAAUAAAUAGCUACAAAUUUA,1
chr5,150219501,193,-,UCUCUCUCUCUCUCUCUCUCUCUCUCUCUCUCUCUCUCUCUCUCUCUCUCUCUCUUUCUUUUUUAUUAUGUGGCUGUGAACUUGAAUGACCAUUGCUCAAACUUUCUGCUACUGGGGGGGUGGGUGGGGGAGGGGAGAAGAGACGUCUGUUUUAUUCUUGGUGUUUUCAGUGGAAUAAAUAGCUACAAAUUUA,
chr17,48101001,80,-,GGGCGUGAAGGAUGGAGAGGGCGGGGCGCGAAUCCUGAGCCAGAGACUGAGUGCUUGGGGGUGGGCCGAGCACUUGGGGG,1
chr12,120093276,22,+,GGGCCCCAUGGGUCCGGGAGGG,1
chr6,41941765,20,-,GGGCGGCGGGCGGGCUGGGG,1
chr6,41941650,165,-,GCGCCUGUCAGGGAAGCGGCGCGCGCGCGCGGGCGGCGGGCGGGCUGGGGAUCCGCCGCGCAGUGCCAGCGCCAGCGCCAGACCCGCGCCCCGCGCUCUCCGGCCCGUCGCCUGCCUUGGGACUCGCGAGCCCGCACUCCCGCCCUGCCUGUUCGCUGCCCGAGU,1
chr19,41619128,19,-,GGGCUCUGGGUGGGCCGGG,1
chr10,35126900,125,+,GGGAGCCUGGAUUUUUUUCCUCGGGGCCUCCCCCGGGAGGCCGUCCCGGCGUGGGGGAGGGGAGGACGGGGCGGGAGGACGCGGUUCGGUCGGCUGCAGCGCUACUUUUGGUCCGGGGUCGGCAG,1
chr17,45784365,65,+,GGGAGACAAGAAUAAACGCUCAAGGGCCGGGCCGGGCCGGGUUCGACAGGAGGCUCACAACAGGC,1
chr17,1456161,34,-,CCGCUGGGCGGCGGGCGCCGGGGGCCGGAGGGGC,1
chr1,109929922,40,+,GAGGGAAGGGACUAGUGGGAGAGAGCAAGGGAGGGGAGGG,1
chr1,109929919,50,+,CAAGAGGGAAGGGACUAGUGGGAGAGAGCAAGGGAGGGGAGGGCACAGAC,1
chr8,11868120,18,-,GGGGCGGGGCCGGGAGGG,1
chr8,11867998,162,-,GGGGCGGGGCCGGGAGGGUACUUAGGGCCGGGGCUGGCCCAGGCUACGGCGGCUGCAGGGCUCCGGCAACCGCUCCGGCAACGCCAACCGCUCCGCUGCGCGCAGGCUGGGCUGCAGGCUCUCGGCUGCAGCGCUGGGUGGAUCUAGGAUCCGGCUUCCAAC,1
chr9,137226066,83,+,GGCCCTGCCAGGGCCAGGACCCAGACTTCAGCAAATGTGGCTCACACAGTGCCGGGACATGCCGGGACATGCGGGGTGGCTGT,0
chr3,49534800,75,+,GGTACTTTTTAGGGAGGAATGCCTTTCGCAATAATGTATCCATTCCCTGATTGAGGGTGGGTGGGTGGACCCAGG,1
chr16,23672490,78,+,GGATCATACTGTGTTTTGGTAGGGAGGGAGGGAGGAAGCAAGCAAGTGAACAAATGAGTCTGGGATTTAGGACTTGCC,1
chr6,73394740,57,+,GGCAGTGCGAAGTGGGCGGGATAGAGAGCGTGGGCGGGGGGGCTAGCCTCGTGCGGG,1
chr6,73394562,344,+,AGGGAGCAAATTGGGCGTTTGGAAAAAGTCCCACGCCTGGAAAGGAATACACAGTGGGGGGGTGGGGGGCGGGGCACATCGACTACTTCAAGGCACACTCCCACGGTTCAGAAAACCGATTGGCTAAAACTGGGAAAGTCCCGCCCACAACGCTCACTGGCCAATGGCTGCGTGAAATCAGTGCGAAGTGGGCGGGATAGAGAGCGTGGGCGGGGGGGCTAGCCTCGTGCGGGCTCCTTAAGTAGCGGCTGCGTGGCTTCCCTGGCACGCTACTCTTACGACGTCACGGTCAGGTGGTGCAGAGCTGGACGGCAACGACGTCGGACGCGCCCCTTCTTGGAACA,0
chr17,7190009,15,-,GGGAGGGAGGGUGGG,1
chr17,7190043,19,-,GGGAAAAGGGAGGGAUGGG,1
chr17,7190036,26,-,GGGAAAAGGGAGGGAUGGGUCUAGGG,1
chr17,7190009,53,-,GGGAAAAGGGAGGGAUGGGUCUAGGGAGUGGGAAAUGCGGGAGGGAGGGUGGG,1
chr17,7189891,203,-,UUUUUUUUUUUUUUUCCUGGGAAUUUUUUUGGGGAAAAGGGAGGGAUGGGUCUAGGGAGUGGGAAAUGCGGGAGGGAGGGUGGGGGGCAGGGGUCGGGGGUCGGGUGUCCGGGAGCCCAGGGAAGACUGGAAAUGCUGCCGCCUUCUGCAAUUUAUUUAUUUUUUUCUUUUGAGAGAGUGAAAGGAAGAGACAGAUACUUGAA,1
chr17,7189891,203,-,UUUUUUUUUUUUUUUCCUGGGAAUUUUUUUGGGGAAAAGGGAGGGAUGGGUCUAGGGAGUGGGAAAUGCGGGAGGGAGGGUGGGGGGCAGGGGUCGGGGGUCGGGUGUCCGGGAGCCCAGGGAAGACUGGAAAUGCUGCCGCCUUCUGCAAUUUAUUUAUUUUUUUCUUUUGAGAGAGUGAAAGGAAGAGACAGAUACUUGAA,
chr20,32779878,129,+,GGGAGGAGGGAAAAUAAUGCACUGGCUUCCUGAGCCCCUGCAGAGGCUGAGCAGGGAGAGGGGGCCAGGGCCAGAGGGGACAGAGGCUGGCGGCAGACGGGCCGGGACAGGCAGGUCCUAAAUGGCAUU,0
chr17,181498,56,-,GGGCCUGCUGAGCCGCCCCCGGGCCGGGGUCGCGCCGGGCCGGGCCGCGCCCGGGG,0
chr17,181480,127,-,GGGCGAUGCCCGCAGCCCCCGCCGCGCCCCGCCGGGCCUGCUGAGCCGCCCCCGGGCCGGGGUCGCGCCGGGCCGGGCCGCGCCCGGGGCGGGGCGGCGCUGCCUGCGCUAGCCACCAUGACUUCGA,0
chr2,74557193,58,+,GGCAGAAGCCAGAGGGTGGGAGGGGCCATGCTGTGTGAGACCAGGGGACCAGAGGGAT,1
chr2,74557115,437,+,GAAGGACGGCAAGGCTGAGGTGGCTAAGGGGGACCATGGGGAGGTGGCACTAGGGATCAAAGAAGATGGTTAGAACCAGCAGAAGCCAGAGGGTGGGAGGGGCCATGCTGTGTGAGACCAGGGGACCAGAGGGATGGGAGAGTCAAGGGAAGGACAATCCCAGGAAGTCCTAAGAAGTGGGGCAGATGGCAGGGCTGAGGATGGGCTCTGCATCCCCCAAAGCCATCCCTTCCCTACTTCCCCAAATGAAGGGACGGCTGTGGGACCAGGTCTGTGGAAAGTGGTGCATGGTCAGAATGGGTGCAGTTTGAGGGGCCTGTGTGGAGGCCTCAGGGAGATGTTGGACTGTGCCTGGATCCTTACTCCTGCATTGTTCTTTGCCAGAGACCTATTTAAAAATTTTAAAATTCTCATTAAAGTCAGCTTGGGTTTAAGAA,1
chr20,31861148,82,-,GGCGTCTCTGTGTCCGGGCCGGCCTGCTGCAGCCACCTGGTGCCTTAGTCCTTGGGCTGGGGGAGGGGGCCCACCCTTAAAG,0
chr16,2223672,36,+,AAAGCCGGGCGGGAAGCGGGCGAGGGUGCAAAAAAA,1
chr16,2223672,36,+,AAAAGCCGGGCGGGAAGCGGGCGAGGGUGCAAAAAA,1
chr16,2223672,36,+,AAAAAGCCGGGCGGGAAGCGGGCGAGGGUGCAAAAA,1
chr16,2223672,36,+,AAAAAGCCGGGCGGGAAGCGGGCGAGGGUGCAAAAA,
chr16,2223672,36,+,AAAAAAGCCGGGCGGGAAGCGGGCGAGGGUGCAAAA,1
chr16,2223672,36,+,AAAAAAAGCCGGGCGGGAAGCGGGCGAGGGUGCAAA,1
chr16,2223672,36,+,AAAAAAAAGCCGGGCGGGAAGCGGGCGAGGGUGCAA,
chr16,2223672,36,+,AAAAAAAAAGCCGGGCGGGAAGCGGGCGAGGGUGCA,1
chr8,109539882,45,+,GGAGCCUCCGCCGGGCGGGCGGGGAGGGGGAGGGGCAGGUUUUGA,1
chr8,109539842,125,+,GGGAGCGCGCCUUGUGUGCGCGCGCGGCCCGCGGCAGCUCGGAGCCUCCGCCGGGCGGGCGGGGAGGGGGAGGGGCAGGUUUUGAUUCCCACCGCUAGCCACCAUGACUUCGAAAGUUUAUGAUC,1
chr8,109539700,235,+,GCGGGUUUCCCGAUGAAGGGGCGGCCAUGGCAGCUGCGCAGAGGCAACGCAGGCUGCUACGGAGCGCGCGCCCGGCUUUGAAUGAGCGGGGCUGGGAGUGAGCGGGCGGAGCGCGAGCUCGAGGAAGAGACAGGCAGCGCGCGUGAGCGCGCCUUGUGUGCGCGCGCGGCCCGCGGCAGCUCGGAGCCUCCGCCGGGCGGGCGGGGAGGGGGAGGGGCAGGUUUUGAUUCCCACC,1
chr19,18443194,65,-,GGGAGACAAGAAUAAACGCUCAAGGGCCGGGCCGGGCCGGGUUCGACAGGAGGCUCACAACAGGC,1
chr12,991438,18,+,GGGCUGGGCUGGGCAGGG,1
chr19,45370375,126,-,GGGCGGGGGGUCUUGAAGAUGGGGUCAUCGGUGGGCGCGCCUGGGUCCCCAAGGGGGCGAGGGGAGGGUGAAGGGGUGGGACGGGGGCAGCCGCAGGGAGCAGCAGUGAUAGCGAGGAGACACUGA,1
chr6,151944226,36,+,GAUGAUGGGGAGGGCAGGGGUGAAGUGGGGUCUGCU,1
chr14,64338146,126,-,GGGAGUGUCAGAGCUGGAGCGCGCGUGGCCCCCUCUGUGUUGGGGUCACCCCGGGGUUGCCAGGGCUCAGGGAGGGUCGUAGUCUGGAUUUUCUCACCCGCACGUCCCCACCCCCCAGCAGGUCUG,0
chr9,136712597,65,+,GGGAGACAAGAAUAAACGCUCAAGGGCCGGGCCGGGCCGGGUUCGACAGGAGGCUCACAACAGGC,1
chr4,122826692,538,+,CGCCGAACUCAGAGGCCGGCCCCAGAAAACCCGAGCGAGUAGGGGGCGGCGCGCAGGAGGGAGGAGAACUGGGGGCGCGGGAGGCUGGUGGGUGUGGGGGGUGGAGAUGUAGAAGAUGUGACGCCGCGGCCCGGCGGGUGCCAGAUUAGCGGACGCGGUGCCCGCGGUUGCAACGGGAUCCCGGGCGCUGCAGCUUGGGAGGCGGCUCUCCCCAGGCGGCGUCCGCGGAGACACCCAUCCGUGAACCCCAGGUCCCGGGCCGCCGGCUCGCCGCGCACCAGGGGCCGGCGGACAGAAGAGCGGCCGAGCGGCUCGAGGCUGGGGGACCGCGGGCGCGGCCGCGCGCUGCCGGGCGGGAGGCUGGGGGGCCGGGGCCGGGGCCGUGCCCCGGAGCGGGUCGGAGGCCGGGGCCGGGGCCGGGGGACGGCGGCUCCCCGCGCGGCUCCAGCGGCUCGGGGAUCCCGGCCGGGCCCCGCAGGGACCAUGGCAGCCGGGAGCAUCACCACGCUGCCCGCCUUGCCCGAGGAUGGCGGCAGCG,1
chr1,47416072,25,+,GGGAAGGGGUGAGUCUGGGUCUGGG,1
chr1,47416072,244,+,GGGAAGGGGUGAGUCUGGGUCUGGGAAAAACUGAUCCAAAGGCAGAAAGGGAGGGGCGAAAUGGAGGAGGGUACCGUGAACAGAGUAAGGGGGCUGGGAGAGGAAAUUAGAGGGGAGGCGCUGGCCAGCAGGCAAGGCCUGAGCCCUCUCCCCCGGCGGUGGUUGGGGGGGGGCCGUGUCCAUAUAAAGCGGGUCGGCGGCCCCUGCGGUCCCGGAGCCGCGCGGGCAGGGGCUGCCGCAGCCG,1
chr3,180976568,57,+,GGGCAAAAUAUGGCAGAGAUGGGGGGUGGUGGGUGGGGUGGGAUCCCUAACGUAAUA,1
chr3,180976536,123,+,GGGUUGCUGGCUAUAGGAAAUGUUAUUUUGUUUUCAAAAUAUGGCAGAGAUGGGGGGUGGUGGGUGGGGUGGGAUCCCUAACGUAAUAUUCUUUAUGAAAGCAUUAGCUGCUUUUGUUACAUU,1
chr3,180976293,870,+,ACUGAAGAAGUUCCUAGUUUACAGUUCUUUUACAUUACAUUUACAAUAGUGCUUGUACAAGCUUGCCAAAGAUAGAAUAUGGAUCGCCAGUCUUUACAUCGCACUUUCAGUUCCUCCAUUUGGAAUUCAAAAAGGGGAGGGAUCCUGAAGAAAUCAUAUGUUAAACAUACUUUGACACCUACUGUGUUAUAAAAUAUAUCAUCAGAUGUGCCUUGAGAAUAGUAUAUGUAACAUUAAAAAAAAGUUGCUGGCUAUAGGAAAUGUUAUUUUGUUUUCAAAAUAUGGCAGAGAUGGGGGGUGGUGGGUGGGGUGGGAUCCCUAACGUAAUAUUCUUUAUGAAAGCAUUAGCUGCUUUUGUUACAUUUUUAAUAUGCAACCACUUCUUCACCUGAGGAAAACUAGAAUGAAAUGCAGUCUAAAAUAUUUUGCACUGAAUUGUAAUUUCUUCAUUAGUUUAGUCUGGAAACUGGUCUGUUUUAAUGUGUUUUUUAAAUGCUGUAUGUAGAGGAAAAUCUGCAGACCACUGGAAUACAUUUGUUAAACUCUCAUCUGCAGGGACACUGGGCGAUACUUGGCAGUGACUGUUCUACCUUGAGGCUUUGUUUGGUUUAUUUAUUAAAGUGUACAGUAUUUAAAAAUCAAACAUAGCUUUAGUUAAAACACUAAGCUGAAUUAGUCAUGUCCAUUCAGACAUAACCUGAACUACUGAAAAGAUCAAUUUCCAGAAGGUUUAUUCUGUAUAAACUACAUGUUAGUCUUCAGUAGAGUAUCUUUUUUUUUUCCUUUUUUUUUUUUUUAUUUCGGUUGUUUGAUGUGCAAUAUGUUUUUGUAUGCAGGUAGUAAAUAAACUUUGAUCUUCCAUUUGCUGAA,1
chr19,35142531,29,+,GGGAGACUGCGGGUAUUCUGGGGAGAGGG,1
chr17,44557611,60,+,GGGGAAGAAGCGCAGUCUCCGGGUUGGGGGCGGGGGCGGGGGGGGCGCCAAGGAGCCGGG,1
chr17,44557581,124,+,GGGAGGCGGCAGCCGCAGCGAGGAGGCGGCGGGGAAGAAGCGCAGUCUCCGGGUUGGGGGCGGGGGCGGGGGGGGCGCCAAGGAGCCGGGUGGGGGGCGGCGGCCAGCGCUAGCCACCAUGACU,1
chr17,44557557,144,+,GCUAGCCGAGUAAAGUUUGCAAAGAGGCGCGGGAGGCGGCAGCCGCAGCGAGGAGGCGGCGGGGAAGAAGCGCAGUCUCCGGGUUGGGGGCGGGGGCGGGGGGGGCGCCAAGGAGCCGGGUGGGGGGCGGCGGCCAGCGCUAGC,1
chr3,50236218,120,+,GGGCCGACCCGAGUGCUUCCCGCAGAGGGCUGGUGGUGGGAGCGGAGUGGGUCGGGCGGGGCCGAGCCGGGCCGUGGGCCGUGUGGGGGCCGGGCGGCGGCCGGGCCGGCGGACGGCGGG,0
chr19,34365134,65,+,GGGAGACAAGAAUAAACGCUCAAGGGCCGGGCCGGGCCGGGUUCGACAGGAGGCUCACAACAGGC,1
chr5,153490806,69,+,GGCGAGAAGAATAAAGGGAAAGGGGGGGAAACACCAAATCTATGATTGGACCTGGGCTTCTTTTTCGCC,1
chr5,153490524,365,+,ATAGAGCTTGCTGCCTGTGTGAGTGTGAGGGGGAGAGCGAGAGAGAGCAAGGGAGGGAGAGAGAGGCAGGCTGCGAGGGGAGAGGAGAGGGAGTGGGGGAGCCAGCGCTCCAGCTAGCATGAGGACGGGCTTCTTTTCCCGTGCTCAGTTAATCTGGCTGTCAGTTGGTGTTAACGCTGCAGTTTAAGTGTTCGGATTCCAAGGGAAACAGACAAACCTCACGAAAGGAAGGAAGCAAGCAAGCAAGGAAGGAACTGCAGGAGGAAAAGAACAGGCAGAACAGCGAGAAGAATAAAGGGAAAGGGGGGGAAACACCAAATCTATGATTGGACCTGGGCTTCTTTTTCGCCAATGCAAAAAGGAAT,1
chr11,126355552,27,-,GGGGUGGAGGAGGGGGAAGGGCGGGGG,1
chr5,135399135,65,-,GGGAGAGCGCGGGCCGCGCGGGCGGGAAGCGAAGAGGCGGGCGGGCCAGCGAGGAGCGCGGAGAG,1
chr5,135389094,210,-,ACUGGUUCCAGUUCACUCGGCAGCGGCGCCGGGCGGAGGGGGAGAGCGCGGGCCGCGCGGGCGGGAAGCGAAGAGGCGGGCGGGCCAGCGAGGAGCGCGGAGAGAAAAGGCGCGAGCGGCCAGGAGGGCUCAGGCCGAGACACCUUGCAGCUGCCGCCGCCGCCACCGAGCCGCCGCUGUGCUCACUGAUCCGCCUCCAGGGCCACCGCC,1
chr22,19431558,62,-,GGGCGCGGCGGCCCUGAGGGCGCGGGGCGGGCGGCGGCCGGAGGGCGGGUGGCGCGGGAGGA,1
chr22,19431477,220,-,GAUGCGGCUGUGGUGGCGGCGGCGGCGGCCGAGCGCGGGUGGCGGCUGUGGCGGCGGAGGGGGGCGCGGGCCGGCGAUGGCGCGGCGGCCCUGAGGGCGCGGGGCGGGCGGCGGCCGGAGGGCGGGUGGCGCGGGAGGAAGCGGCGGCGGUGGCUCCAUGGCCCGGGCGCGCUGAGGGACCCGGCGCUCGCCUCAGCCCGGCGGCGGCGGCGGCCGAACA,1
,455,94,,GGUCUUCGGACCAAGGUCUCUCUGGUUAGACCAGAUCUGAGCCUGGGAGCUCUCUGGCUAACUAGGGAACCCAAAUCGCGCUUCGGUGCGGUUC,0
chr11,2137217,35,-,GGCUUCCUCCUCCUCCUCUUCCUCCUCCUCCUCCU,0
chr11,2130758,39,-,GGAGGGGUGGGUGGGGGGCAGUGGGGGCUGGGCGGGGGG,1
chr11,2130640,316,-,CCUGACUCCCUGGUGUGCUCCUGGAAGGAAGAUCUUGGGGACCCCCCCACCGGAGCACACCUAGGGAUCAUCUUUGCCCGUCUCCUGGGGACCCCCCAAGAAAUGUGGAGUCCUCGGGGGCCGUGCACUGAUGCGGGGAGUGUGGGAAGUCUGGCGGUUGGAGGGGUGGGUGGGGGGCAGUGGGGGCUGGGCGGGGGGAGUUCUGGGGUAGGAAGUGGUCCCGGGAGAUUUUGGAUGGAAAAGUCAGGAGGAUUGACAGCAGACUUGCAGAAUUACAUAGAGAAAUUAGGAACCCCCAAAUUUCAUGUCAAUUGAU,1
chr11,2161073,19,-,AGGGAGGACGUGGCUGGGC,1
chr7,150977952,65,-,GGGAGACAAGAAUAAACGCUCAAGGGCCGGGCCGGGCCGGGUUCGACAGGAGGCUCACAACAGGC,1
chr7,150947829,65,-,GGGAGACAAGAAUAAACGCUCAAGGGCCGGGCCGGGCGGGGUUCGACAGGAGGCUCACAACAGGC,1
chr14,104179893,67,+,GGTTTCTGTGCAGGACGGGAGTCTCAGAGAGGAGACGGAGTGTGGGGGAGGGAGGGCCGGCCACGCG,1
chr14,104179791,1101,+,GGCTGGGCGCCGGACAAGAGGAGGGGGCGTGCAGCGGGCTGGAGGACGGGACGTGGGACGGAGCGAGGATGTGGTGGGGGCTGCGGGGGGAGGATGCGGAGGGGTTTCTGTGCAGGACGGGAGTCTCAGAGAGGAGACGGAGTGTGGGGGAGGGAGGGCCGGCCACGCGGTGGACAGAGCGAGGGTGCCAGGGTGACCAGAAGACCGTCACCACCCGACAGCAACGCAAGTGCCTTTGACCTTGATTTGGACTTTTCTCCCTTTTGCATTTGGTGCTACAGACTTGAGACACCAGCAGAAGTTGTGTTCAGCCCGGCCCCGCTGCGCCTGTCCGGGCCGGGGCTGGCGCCGGTTGTGTTTGTGTCCACCTTGCCTTCTTTGCAGCCAAGCAGTTTTTGTGGAGTGGAGTGGGACTTACCTGCACGCCCCAGGGGTCTTTCAGGATTCAGGATGACTTTTCTTTTACAATGGTTTCCTCTCGGCAGAGCCCGGGTTGTGGGGGATCTGTGTGGGGTTCTCAACGCAGATCCATCCTGGGGTCTCCCGGGCAGGGATGGCTGACCTCGAGTCCCCTCCCTTCCCGAGAACCCGCTCTGTCCCGAGGGCAGCTAACAAGGGCTGAGCCCCAGGTACAGGTTGCCTCTTCCACGGCAGGAATTTTTACCAAAACCACAAGCAAAAAACAAAACAGACCACCACGACCAACAACAAAGATGGGGGGTAGGGTTTTGTAAAGGTTCTGTTAGGTTCATATTTTTATATCATTTTGCCCATAAATGCGGAATTTGCCGTGGGAATTTGAAGACAAATGATCTATGTTTTTATGGTTTTCTAGGGAAGGTGTTCTGGGGGCCGGGCTCTCTCCAGCTGTGGGAGGCCTGCTCCCTCTGGGGGGCACCCTGGGCAGGGTGGGGGGGCCTTGGGAGGCGCTTCTTGCCAAATGCAGACGAGGGGTGAGCCTGCCAGCGTTTGCGACGTCCCCGCACGACAGGCTCATACTTTCTGAGGATCGTGCATAGCATAGGACGTCTGAACCTTTGTACAAATGTGTAGATGACATCTTGCTACAGCTTTTATTTGTGAATTAAAGATGCATCGATG,1
chr11,118436532,82,+,GGCGCUUCCCCGCCCGACCCGGGACCACCGGGGGCGGCGGCGGCGGGGGGCGCCGGGGCCUAGGGGGCGCCCCGCGGCAACG,0
chr19,35718274,65,+,GGCCCGCGGGUCCAGCGGGGCCGGGGACGGGGUCGGGGCCGGGGCUGGGGCCCGAGUCGAGGCUG,1
chr12,25250904,13,-,GCGGCGGCGGAGG,1
chr12,25250870,16,-,UGGCGGCGGCGAAGGU,1
chr11,68449194,44,+,GGGAACUGUGAUGGGGUGGGCAGGGCUGGGAGAACUUUGUACAG,1
chr11,68449189,50,+,GGAAAUGUGAACUGUGAUGGGGUGGGCAGGGCUGGGAGAACUUUGUACAG,1
chr11,68449156,121,+,GGGAAAAUAAAUAUAAUUGGGAUUUUAAAAACAUGAGAAAUGUGAACUGUGAUGGGGUGGGCAGGGCUGGGAGAACUUUGUACAGUGGAGAAAUAUUUAUAAACUUAAUUUUGUAAAACAG,1
chr11,68449071,203,+,CCUCGGCCGGGCCACUCUGGCUUCUCUGUGCCCCUGUAAAUAGUUUUAAAUAUGAACAAAGAAAAAAAUAUAUUUUAUGAUUUAAAAAAUAAAUAUAAUUGGGAUUUUAAAAACAUGAGAAAUGUGAACUGUGAUGGGGUGGGCAGGGCUGGGAGAACUUUGUACAGUGGAGAAAUAUUUAUAAACUUAAUUUUGUAAAACAG,1
chr17,64897285,111,-,GGAAGGCGUGCUUGGGCGGGAUUGUGACAUAAGAGUGCCCUGGUGACAUGGAGCAGAUCUGUGGCAUAAAUAAAGGUGUCAUAAAGACAGGGCGGGACUCAUGCUUACAAG,1
chr17,64897258,543,-,GCUAGCUGGGAUUAUAGGCGUGAGCCACUGCACCUGGCACAGGCUGAAGUGCAAUGUUGUGAUCUCGGCUCACUGCAACCUCUGCCUCCCAGGUUCAAGCGAUUCUCCUGCUUUGGCCUCCUGAGUAGCUGGGAUUGCAGGUCAGUUGCUCUCCCUGGAAGGAAGAGUGUUCUCGGAUUUCACCUUAAAGGAGGAAGGCUGCCAGAACUGAACUAGCACUUCUGAAUAUCCUGAGGCGAGGUCCGGUGACUUCCUUGGGAAGCUCUGCCGCGCCCCCAUCCCACCCUACCCCACCCUACCCCACCACAGCAGGCGCUGGAGUCCUGGGACCACCAGGAUCUGAGGCCCAAAUCCUUCCUCACUAAGGGGAGGAGAGGGGUGCUCCGGCAGGGCAGGAUGGGAAGGCGUGCUUGGGCGGGAUUGUGACAUAAGAGUGCCCUGGUGACAUGGAGCAGAUCUGUGGCAUAAAUAAAGGUGUCAUAAAGACAGGGCGGGACUCAUGCUUACAAGGGGCACGAGCGUCUCGGAGCUGCCAGAGCUAGC,1
chr8,142773471,21,-,GGGACCUUGGGUGGGAACGGG,1
chr11,65613848,55,-,GGCUCCCCAGAGAGGCGUGGGUCUGGGGCUGAGGGCCAGGGCCCGGAUGCCCAGG,0
chr11,65613812,126,-,GGGCGAGAUGCGGGGGGCCGGGAGACAACACUCCUGGCUCCCCAGAGAGGCGUGGGUCUGGGGCUGAGGGCCAGGGCCCGGAUGCCCAGGUUCCGGGACUAGGGCCUUGGCAGCCAGCGGGGGUGG,1
chr16,30123210,85,-,GGGCGGGUGACAGGCAGGCGGGAAGGGGCGGGGCCUCGGGCGGGGCCGCCGUGGGGAGGAGGGCGGUGGGAGGGGAGGAGUGGAG,1
chr3,169663520,116,-,GGAUUGAGAGAAAGGGAGAGAGGGAGGGAGAGAGAGUGAAAGAAGAAAAUACAGAGAGUGAGUGUGUGGAAGAGAGAGAGAAACAGGAGAGAAACAGGAGGGAGGGAGAGAGAGAG,1
chr3,169663373,415,-,GCUAGCGAUUGCCAUCUGACAAGAUCUCCAAAUCAAAGUGAUAAAUCGCUCCAAACUUUUUUUGGCGGCGCUGAGAUGUUGGAGGGGCGUCUAGCGCGCAUGUGCGAAGGUGUCCAAACUGACAAUGCUGGAGAGAUAGCGAGUGUGGAUUGAGAGAAAGGGAGAGAGGGAGGGAGAGAGAGUGAAAGAAGAAAAUACAGAGAGUGAGUGUGUGGAAGAGAGAGAGAAACAGGAGAGAAACAGGAGGGAGGGAGAGAGAGAGAGAGAGAGAGAGAGAGAGAGAGAGAGAGAGAGAGAGAGAGAGAGACAGGAGAGAGAGGGAGGGAGCGAGAGGGAGAGCAAAAGAAGGAAAGGAUCCAAGAAAAAAAAGCCCCAACCACACACCAGCGGCUGCAGGACUGGGCACAGCGCUAGC,1
chr2,240455978,126,+,GGUCUUCGGACCAAGCCGGCGCCCGAGCUCUGGCUCCGUGUCUUCACUCCCGUGCUUGUCCGAGGAGGGAGGGAGGGACGGGGGCUGUGCUGGGGCAGCUGGACAAAUCGCGCUUCGGUGCGGUUC,1
chr8,88327259,20,-,GAGGGAGGGAGGGAGAGGGA,1
chr8,88327259,20,-,GAGGGAGGGAGGGAGAGGGA,1
chr8,88327255,27,-,AACGAGGGAGGGAGGGAGAGGGAGAGA,1
chr8,88327207,281,-,UCUUUGAGCCGGAACCGCCGGUGAACUUAGGCGCCACGUUCCCGGUGACUGACCCCGGAGGAUGGUGAACAGGAACUACUGCUGACCCUGUCUUCGCCGCUGCCUCUCGGGGGCUGCCGAGCGCGGGGCCCCUGUCUCCUCCCCUUGCCCGGCUGUGGGUGAACUGCAGGCUCCUUACCCACCCGGAGGACUUUUUUUUGAAAGGAAACGAGGGAGGGAGGGAGAGGGAGAGAGGGAGAAAACGAAGGGGAGCUCGUCCAUCCAUUGAAGCACAGUUCACU,1
chr3,49903610,264,-,AGUGUACAGCGGCGGCUGGGGCGGCAGGUGAGGCGGCUGGGGCGUUGCUGUCGUGCGUCCGCAGGCGUCAGGUGCUCAGACCCGAGGGCCGGGAAGGGAUUUGGGUUUCACAGGAACCUGGGGCGGGGGUCCGCUAUCUUGGGGCUGUCGGGACCGCUGCUUAAAUUUGGCCCAGUCCAGACCUCGAGUCGGGCCCCCAGCCAGGCCCACGCCCAGGUCCAGGCCCAGGCCGGUAGGGAUCCUCUAGGGUCCCAGCUCGCCUCG,1
chr16,56582694,57,+,GGUCUUCGGACCAAGAGGGAGGGAGGGAGAGGGACAAAUCGCGCUUCGGUGCGGUUC,1
chr1,37811596,79,-,GGGATATTGGAGGGTGGGTGGGTTTTCCTGAGAGACTTTGTATAATGCTGAATGTGTCCAGAGGGACAAGTTTGCAGAA,1
chr1,39901724,124,-,GGGAGCCGGUCCGCUCCAGGUGGCGGGCGGCUGGAGCGAGGUGAGGCUGCGGGUGGCCAGGGCACGGGCGCGGGUCCCGCGGUGCGGGCUGGCUGCAGGCUGCCUUCUGGGCACGGCGCGCCCC,0
chr21,20998418,54,+,GGAGGAGCGCGCGGGCUGCGGGCGGCUGGGGCACCGCGGGAGCGGCGGCGGCGG,1
chr21,20998380,131,+,GGGAUAGUGCGGCAAGAGCGGAGCUUGCAGUCACUUUGCGAGGAGGAGCGCGCGGGCUGCGGGCGGCUGGGGCACCGCGGGAGCGGCGGCGGCGGCUCUAGCAGAGGCGGCCGGGGCAGCGAAAGGUUCUC,1
chr21,20998315,261,+,GCUAGCGCUGCCGCCGCGGCGGCCGCUGCUGCUGCUGCUUCUGCCGCCGCUGCCGCCGCCGCUGCCUGGAUAUAGUGCGGCAAGAGCGGAGCUUGCAGUCACUUUGCGAGGAGGAGCGCGCGGGCUGCGGGCGGCUGGGGCACCGCGGGAGCGGCGGCGGCGGCUCUAGCAGAGGCGGCCGGGGCAGCGAAAGGUUCUCUCUCCAGGGCUGGACUUAAUAACUUUGAAACUGUCCACCGGUGUCACGUCCUGAACGCUAGC,1
chr15,73052529,65,+,GGGAGACAAGAAUAAACGCUCAAGGGCCGGGCCGGGCCGGGUUCGACAGGAGGCUCACAACAGGC,1
chr2,177264744,31,-,UGUGGGGCGGGAGGCGGAGCGGGGCAGGGGC,1
chr8,62248976,65,+,GGGAGACAAGAAUAAACGCUCAAGGGCCGGGCCGGGCGGGGUUCGACAGGAGGCUCACAACAGGC,1
chr20,58692865,65,+,GGGAGACAAGAAUAAACGCUCAAGGGCCGGGCAGGGCCGGGUUCGACAGGAGGCUCACAACAGGC,1
chr1,114716863,20,-,GUGGGAGGGGCGGGUCUGGG,1
chr1,114716863,21,-,UGUGGGAGGGGCGGGUCUGGG,1
chr1,114716863,21,-,UGUGGGAGGGGCGGGUCUGGG,1
chr1,114716863,55,-,GGUCUUCGGACCAAGGGAGGGGCGGGUCUGGGCAAAUCGCGCUUCGGUGCGGUUC,1
chr1,114716863,55,-,GGUCUUCGGACCAAGGGAGGGGCGGGUCUGGGCAAAUCGCGCUUCGGUGCGGUUC,1
chr1,114716658,237,-,GGGACGUCCCGUGUGGGAGGGGCGGGUCUGGGUGCGGCCUGCCGCAUGACUCGUGGUUCGGAGGCCCACGUGGCCGGGGCGGGGACUCAGGCGCCUGGGGCGCCGACUGAUUACGUAGCGGGCGGGGCCGGAAGUGCCGCUCCUUGGUGGGGGCUGUUCAUGGCGGUUCCGGGGUCUCCAACAUUUUUCCCGGCUGUGGUCCUAAAUCUGUCCAAAGCAGAGGCAGUGGAGCUUGAG,1
chr1,114716161,275,-,GAAACGUCCCGUGUGGGAGGGGCGGGUCUGGGUGCGGCCUGCCGCAUGACUCGUGGUUCGGAGGCCCACGUGGCCGGGGCGGGGACUCAGGCGCCUGGGGCGCCGACUGAUUACGUAGCGGGCGGGGCCGGAAGUGCCGCUCCUUGGUGGGGGCUGUUCAUGGCGGUUCCGGGGUCUCCAACAUUUUUCCCGGCUGUGGUCCUAAAUCUGUCCAAAGCAGAGGCAGUGGAGCUUGAGGUUCUUGCUGGUGUGAACAGGUAUACAUAGUUGGAAUG,1
chr14,36662154,15,+,GGGAGGGAGGGAGGG,1
chr14,36662125,16,+,GGGAAGGGAGGGAGGG,1
chr6,37174369,22,+,GGGGGUGGGGGGUGGGGGUGGG,1
chr6,37174325,101,+,UUCUUCUCAUAGGUGUCCAGCAUUGCUGGACUCUGAAAUAUCCCGGGGGUGGGGGGUGGGGGUGGGUCAGAACCCUGCCAUGGAACUGUUUCCUUCAUCAU,1
chr17,6454319,17,-,GGGUGGGCUGGGAAGGG,1
chr5,135028717,30,-,GAGCGGGGAAGGGCGCGGGCGCGGGCGCGG,1
chr5,135028187,30,-,GUUGGGGCGGGCGUUGGGUUUGGGGGGACG,1
chr5,135028187,30,-,GUUGGGGCGGGCGUUGGGUUUGGGGGGACG,1
chr5,135028038,36,-,AGCGGGCAGUGCGGGCCUGGCGGGAGGUGGGGGAGG,1
chr5,135028038,36,-,AGCGGGCAGUGCGGGCCUGGCGGGAGGUGGGGGAGG,1
chr3,48404166,79,-,GGTCTGCAGGGAGTTGGGGACTAAGGGCTTCCAGAGAGTGGCTGGAAGAGACTCCAGGCCCCTGGGGAGACTGTACTGT,0
chr11,67401827,81,-,GGGCGGGGCCGCGGGCCGGGGGCGGACUGGGGCGGGCGGAAGGAGAGCCAGGCCGGAAGGAGGCUGCCGGAGGGCGGGAGG,1
chr20,4699386,14,+,GGCUGGGGGCAGCC,0
chr20,4699380,15,+,GGUGGUGGCUGGGGG,1
chr20,4699380,20,+,GGUGGUGGCUGGGGGCAGCC,1
chr20,4699376,24,+,GGGCGGUGGUGGCUGGGGGCAGCC,1
chr20,4699373,85,+,GGCUAGUUAACUAUAUAACAUCAGGGCGGUGGUGGCUGGGGGCAGCCUCUUGGUGGUGGCUGGGGGCAGCCUAAUCCAAACCAUG,1
chr20,4699487,559,+,GGAUUCCUUAUAAUGGGUCAAGGAGGUGGCACCCACAGUCAGUGGAACAAGCCGAGUAAGCCAAAAACCAACAUGAAGCACAUGGCUGGUGCUGCAGCAGCUGGGGCAGUGGUGGGGGGCCUUGGCGGCUACAUGCUGGGAAGUGCCAUGAGCAGGCCCAUCAUACAUUUCGGCAGUGACUAUGAGGACCGUUACUAUCGUGAAAACAUGCACCGUUACCCCAACCAAGUGUACUACAGGCCCAUGGAUGAGUACAGCAACCAGAACAACUUUGUGCACGACUGCGUCAAUAUCACAAUCAAGCAGCACACGGUCACCACAACCACCAAGGGGGAGAACUUCACCGAGACCGACGUUAAGAUGAUGGAGCGCGUGGUUGAGCAGAUGUGUAUCACCCAGUACGAGAGGGAAUCUCAGGCCUAUUACCAGAGAGGAUCGAGCAUGGUCCUCUUCUCCUCUCCACCUGUGAUCCUCCUGAUCUCUUUCCUCAUCUUCCUGAUAGUGGGAUGAGUCUAGAGGAAAAAAAAAAAAAAAAAAAAAAAAAAAAAAAAAAAAAAAA,0
chr20,4699218,823,+,GGAUUCCAUAUUAUGGCGAACCUUGGCUGCUGGAUGCUGGUUCUCUUUGUGGCCACAUGGAGUGACCUGGGCCUCUGCAAGAAGCGCCCGAAGCCUGGAGGAUGGAACACUGGGGGCAGCCGAUACCCGGGGCAGGGCAGCCCUGGAGGCAACCGCUACCCACCUCAGGGCGGUGGUGGCUGGGGGCAGCCUCAUGGUGGUGGCUGGGGGCAGCCUCAUGGUGGUGGCUGGGGGCAGCCCCAUGGUGGUGGCUGGGGACAGCCUCAUGGUGGUGGCUGGGGUCAAGGAGGUGGCACCCACAGUCAGUGGAACAAGCCGAGUAAGCCAAAAACCAACAUGAAGCACAUGGCUGGUGCUGCAGCAGCUGGGGCAGUGGUGGGGGGCCUUGGCGGCUACAUGCUGGGAAGUGCCAUGAGCAGGCCCAUCAUACAUUUCGGCAGUGACUAUGAGGACCGUUACUAUCGUGAAAACAUGCACCGUUACCCCAACCAAGUGUACUACAGGCCCAUGGAUGAGUACAGCAACCAGAACAACUUUGUGCACGACUGCGUCAAUAUCACAAUCAAGCAGCACACGGUCACCACAACCACCAAGGGGGAGAACUUCACCGAGACCGACGUUAAGAUGAUGGAGCGCGUGGUUGAGCAGAUGUGUAUCACCCAGUACGAGAGGGAAUCUCAGGCCUAUUACCAGAGAGGAUCGAGCAUGGUCCUCUUCUCCUCUCCACCUGUGAUCCUCCUGAUCUCUUUCCUCAUCUUCCUGAUAGUGGGAUGAGUCUAGAGGAAAAAAAAAAAAAAAAAAAAAAAAAAAAAAAAAAAAAAAA,1
chr11,47980704,129,+,GGGCUAGGCUCCGGCGUGUGGCCGCGGCCGCCGCCGCCGCUGCCAUGUCUCCGGGGAAGCCCGGGGCGGGCGGAGCGGGGACGAGGCGGACCGGCUGGCGGAGGAGGAGGCGAAGGAGACGGCAGGAGG,0
chr1,29326613,56,+,GGTTATTTTTGGTTGGGTGGGTGGGAAGGTCTCTTTAAAATGGGGCAGGCCACACC,1
chr1,29325662,1152,+,CGGGGCCCTGGCCTGGGGCACCCACTGCACACTCAGGGCCAGACCCACCATCCTGGACTGGCGAGGAAGATCAGTGCCTCCTGCTCTGCCCAAACACACTCCCATGGGGCAAGCACTGGAGTGGATGCTGGGCTATCTTGCTCCCCCTTCCACTGTGGGCAGGGCCTTTCGCTTGTCCCATGGGCGGGTGGTGGGCCAAGGAGGAGCTTAGCAAGTCTGCAGCCCAGCCCCACCTCCATAGGGTCCTGCAGGCCTGTGCTGAGAGGCCTGGTGCTGCCTGGCAGAGTGACAAAGGCTCAGGACGGCTGGCTCTGGGGGACTCAGGCCAAGCCCCTTGGCACCATCCTGGCTTTTGGCAGGGATGAGTGAGGCCCTGCAGAGAGCATCCCAGGCCAAGGTTCCCACTCAGCCTGCCCCCTCTGCATGTGGGTAGAGGATGTACTGGGACTTGGCATTTAGGATTCCATCTGGCCCAGCCCCTGAAGGTCCTGGGGAAGCAGGTCTCAATTCTGAATAGCCAGTGGGGCACACTGACTGTCCTCCCCAGGGGAACTGCAGCGCCCTCCTCCCCACTGCCCCCTGCAGCCCCTGAGATATTTTGCTCACTATCCCTCCCCACTTGCTTCCCTGATATGTGCTCTGAGCTTCCCTGAACCAGGATCTGCCTATTACTGCTGTGCCCCATGGGGGGCTCCTTCCCTGCCTGACCCACTGTTGCAGAATGAAGTCACCTCGCCCCCCTCTTCCTTTAATCTTCAGGCCTCACTGGCCTGTCCTGCTCAGCTTGGGCCAGTGACAATCTGCAAGGCTGAACAACAGCCCCTGGGGTTGAGGCCCCTGTGGCTCCTGGTCAGGCTGCCCGTTGTGGGGAGGGGCAGTGTTAGAGCAGGGCTGGTCATACCCTCTGGAGTTCAGAGGAAGAGGTAGGACCAGTGCTTTTTTGTTTCTTTTGTTATTTTTGGTTGGGTGGGTGGGAAGGTCTCTTTAAAATGGGGCAGGCCACACCCCCATTCCGTGCCTCAATTTCCCCATCTGTAAACTGTAGATATGACTACTGACCTACCTCGCAGGGGGCTGTGGGGAGGCATAAGCTGATGTTTGTAAAGCGCTTTGTAAATAAACGTGCTCTCTGAATGCCACAGAGCAGCCCTG,1
chr1,40240781,17,+,GGGAGGGAGGGCUAGGG,1
chr15,58988285,83,+,GGCCTACAGTGAGGGAGTGTGGGTGAGGGGATTTCTCTCCCACTTCCGACTCTCCCTAGAGTCTCAGGATGGGGGCTGAGGAC,0
chr19,50659777,28,-,GGGGUUGGGGAGGGUGUAGGGGGUGGGG,1
chr19,50659746,30,-,GGGGAGGAGAGGUCGGGGUGGGGAGUGGGG,1
chr19,47428971,21,-,GGGCCAAGGGAUCUGGGUGGG,1
chr18,47930462,96,-,GGGCGCCCGGGCCGCCGGCCGGGCCCGGGCCUGGGGGCGGGGCGGGAAGACGGCGGCCGGGAGUGUUUUCAGUUCCGCCUCCAAUCGCCCAUUCCC,0
chr18,48950624,91,-,GGGCGGAGAGCCGCGCAGGGCGCGGGCCGCGCGGGGUGGGGCAGCCGGAGCGCAGGCCCCCGAUCCCCGGCGGGCGCCCCCGGGCCCCCGC,0
chr7,99143830,65,-,GGGAGACAAGAAUAAACGCUCAAGGGCCGGGCCGGGCCGGGUUCGACAGGAGGCUCACAACAGGC,1
chr20,36777674,20,-,GGGAGGGAAGGGACCAAGGG,1
chr19,48630238,79,+,GGCAGGTTCCCCGGGGCCGGCGCTAGGATTTGCACTAATGTTCCTCTCCCCGCGGGTGGGGGCGGGGAAATTCATATCC,0
chr17,39663188,19,+,GGGCAGGGUCUGGGCUGGG,1
chr1,36341627,20,-,GGGACAGGGCAGGGACAGGG,1
chr7,129485906,73,+,GGCGCTGTTACCAGTTCAGGGCTCTTCTGGGGGCTCTTGGGCCTAAAGATGGTGCAAGGGTGGGATCCTGAAT,0
chr6,85642954,128,-,GGGAGCUGGAGGAGGGCAGGGGCUGAGGGAGUGAGUGAAGCGGACGCGCGAGGGAGGGGAGGGAAGGGAAGGGAAGGGAAGGGGGGGUCACGCGGGGGCGCGCGCGCGCACCGGGAGCGCGCUCGGAG,1
chr3,9780297,80,-,GGAAGCTGCTGGATGGGTAGCCCTCACCCCTGCCTCAGGCTGATTATCTGGCCTAGGGGAGGGGAAGGGAGGCCCACTTC,0
chr17,35847071,16,+,GGGUGGGAGGGCUGGG,1
chr2,85133609,76,+,GGGCGCCGGGCCGGGCCGGGCAGGGCGCGGGCGGCUAGGGGCUCCGAGAGCGGCGGCCCCGGCCCGCGGCCCCACC,0
chr22,41381987,69,+,GGCCCATCTCGGGGGGCGGGCGGGGGAGGCGAGGTGCGCGAGCCGAGTCCGGGGCACGATGTCCGACGC,1
chr22,41381929,116,+,ATTGGGCGCCTGCGCAGTAGCTGCCCGTGTCGGCAGCTGCAGCGGGTCGCACGGCTCCGGCCCATCTCGGGGGGCGGGCGGGGGAGGCGAGGTGCGCGAGCCGAGTCCGGGGCACG,1
chr3,169765043,18,-,GGGUUGCGGAGGGUGGGC,1
chr3,169765043,55,-,GGUCUUCGGACCAAGGGUUGCGGAGGGUGGGCCAAAUCGCGCUUCGGUGCGGUUC,1
chr3,169765027,71,-,GGUCUUCGGACCAAGGGUUGCGGAGGGUGGGCCUGGGAGGGGUGGUGGCAAAUCGCGCUUCGGUGCGGUUC,1
chr16,69385864,18,-,CGGGAGGGCGGGGAGGGC,1
chr16,69385864,55,-,GGUCUUCGGACCAACGGGAGGGCGGGGAGGGCCAAAUCGCGCUUCGGUGCGGUUC,1
chr16,69385846,69,-,GAUCCGCCGAGGAAGCGGCCCGGCCGGGAGGGCGGGGAGGGCGCGCGGCGAUCGGACACGGAAUUCAUG,1
,,21,,GGGUUAGGGUUAGGGUUAGGG,1
,,23,,UAGGGUUAGGGUUAGGGUUAGGG,1
,,24,,UUAGGGUUAGGGUUAGGGUUAGGG,1
,,25,,UAGGGUUAGGGUUAGGGUUAGGGUU,1
,,64,,GGUCUUCGGACCAAUUAGGGUUAGGGUUAGGGUUAGGGUUACAAAUCGCGCUUCGGUGCGGUUC,1
,,64,,GGUCUUCGGACCAAUUAGGGUUAGGGUUAGGGUUAGGGUUACAAAUCGCGCUUCGGUGCGGUUC,
,,64,,GGUCUUCGGACCAAUUAGGGUUAGGGUUAGGGUUAGGGUUACAAAUCGCGCUUCGGUGCGGUUC,1
,,115,,CCUAAGCUUACAAAUACUCCCCCACAACAGCUUACAAUACUCCCCCACACAGCUUACAAAUACUCCCCCACAACGGGUUAGGGUUAGGGUUAGGGAGCUUGUCGAACCAUGGAUG,1
,,248,,GGGUAAUACGACUCACUAUAGGGCAGCAGCCAUCAUCAUCAUCAUCACAGCAGCGGCCUGGUGCCGCGCGGCAGCCAUAUGGCUAGCAUGACUGGUGGACAGCAAAUGGGUCGCGGAUCCGAAUUCAGGGUUAGGGUUAGGGUUAGGGAAAGCUUGCGGCCGCACUCGAGCACCACCACCACCACCACUGAGAUCCGGCUGCUAACAAAGCCCGAAAGGAAGCUGAGUUGGCUGCUGCCACCGCUGAG,1
chr1,218345646,23,+,GGGAAAGGGUGGGAGUCCAAGGG,1
chr1,218345637,41,+,GCAGAGGUUGGGAAAGGGUGGGAGUCCAAGGGAGCCCCUGC,1
chr1,218345334,1368,+,GUGAUGUUAUCUGCUGGCAGCAGAAGGUUCGCUCCGAGCGGAGCUCCAGAAGCUCCUGACAAGAGAAAGACAGAUUGAGAUAGAGAUAGAAAGAGAAAGAGAGAAAGAGACAGCAGAGCGAGAGCGCAAGUGAAAGAGGCAGGGGAGGGGGAUGGAGAAUAUUAGCCUGACGGUCUAGGGAGUCAUCCAGGAACAAACUGAGGGGCUGCCCGGCUGCAGACAGGAGGAGACAGAGAGGAUCUAUUUUAGGGUGGCAAGUGCCUACCUACCCUAAGCGAGCAAUUCCACGUUGGGGAGAAGCCAGCAGAGGUUGGGAAAGGGUGGGAGUCCAAGGGAGCCCCUGCGCAACCCCCUCAGGAAUAAAACUCCCCAGCCAGGGUGUCGCAAGGGCUGCCGUUGUGAUCCGCAGGGGGUGAACGCAACCGCGACGGCUGAUCGUCUGUGGCUGGGUUGGCGUUUGGAGCAAGAGAAGGAGGAGCAGGAGAAGGAGGGAGCUGGAGGCUGGAAGCGUUUGCAAGCGGCGGCGGCAGCAACGUGGAGUAACCAAGCGGGUCAGCGCGCGCCCGCCAGGGUGUAGGCCACGGAGCGCAGCUCCCAGAGCAGGAUCCGCGCCGCCUCAGCAGCCUCUGCGGCCCCUGCGGCACCCGACCGAGUACCGAGCGCCCUGCGAAGCGCACCCUCCUCCCCGCGGUGCGCUGGGCUCGCCCCCAGCGCGCGCACACGCACACACACACACACACACACACACGCACGCACACACGUGUGCGCUUCUCUGCUCCGGAGCUGCUGCUGCUCCUGCUCUCAGCGCCGCAGUGGAAGGCAGGACCGAACCGCUCCUUCUUUAAAUAUAUAAAUUUCAGCCCAGGUCAGCCUCGGCGGCCCCCCUCACCGCGCUCCCGGCGCCCCUCCCGUCAGUUCGCCAGCUGCCAGCCCCGGGACCUUUUCAUCUCUUCCCUUUUGGCCGGAGGAGCCGAGUUCAGAUCCGCCACUCCGCACCCGAGACUGACACACUGAACUCCACUUCCUCCUCUUAAAUUUAUUUCUACUUAAUAGCCACUCGUCUCUUUUUUUCCCCAUCUCAUUGCUCCAAGAAUUUUUUUCUUCUUACUCGCCAAAGUCAGGGUUCCCUCUGCCCGUCCCGUAUUAAUAUUUCCACUUUUGGAACUACUGGCCUUUUCUUUUUAAAGGAAUUCAAGCAGGAUACGUUUUUCUGUUGGGCAUUGACUAGAUUGUUUGCAAAAGUUUCGCAUCAAAAACAACAACAACAAAAAACCAAACAACUCUCCUUGAUCUAUACUUUGAGAAUUGUUGAUUUCUUUUUUUUAUUCUGACUUUUAAAAACAACUUUUUUUUCCACUUUUUUAAAAA,1
chr17,40074318,25,+,GGGGCGCAGGGCAUGGUGUGAAAGG,1
chr17,40074299,44,+,CCCACCGCCCGCCCCCCUUGGGGCGCAGGGCAUGGUGUGAAAGG,0
chr17,40074366,49,+,GGGUGCUGUGCCCUAGGGCCUGGGUGGCAGGGGGUGGGUGGCCUGUGGG,1
chr17,40074331,126,+,GGGUGGUGUGAAAGGCCAAGUGCUGAGGCGGGUAUCAUGGGUGCUGUGCCCUAGGGCCUGGGUGGCAGGGGGUGGGUGGCCUGUGGGUGUGCCGGGGGGGCCAGUGUGCCCACCCCAGUCUCUUGG,1
chr17,40062808,613,+,CAUGCAUGGCUAGCGAGGUGGCCUGCAGGGAGCAGCCGCGAGCCGGCCGGGCGCGCCGAGCCCGAGCCCCAGCCGGAGCGGGGCGGGGGAGGGAGGAGCCAGAGCGGCCGCCGCCUCUGCCGGAGGAGCCGCGGGGCCGCCACACUCGCCCCCCGCCCCCCCCGCGCUCACUCGCACUCACACCCGGGCGCAGGAGGCGGGCGGCCCGGGCCCCACCGGCCCCCCAUGGACGCCCCCAGCACGGGGCGCUGAGACCCCCGCGUCGCUGCCCAGCCCGGUCCGGCGCGCCACGCCGAGGCGAGGGAUCUCUGGACAGGACAAGACUCCGAAGCUACUCCCCCAGCACACAGCCCGGGACCCACAAACCCAGCUUGCCCCCAGCCCUCCCACCUGCCACUCCCUGGCCCCUCCCACCGCCCGCCCCCCUUGGGGCGCAGGGCAUGGUGUGAAAGGCCAAGUGCUGAGGCGGGUAUCAUGGGUGCUGUGCCCUAGGGCCUGGGUGGCAGGGGGUGGGUGGCCUGUGGGUGUGCCGGGGGGGCCAGUGUGCCCACCCCAGUCUCUUGGCGUGCUGGAGGGCAUCCUGGAUGGAAUUGAAGUGAGCUAGCGUACGUAC,1
chr17,7549083,54,+,GGCUCCCCCUCCCCCGAUCCCUCGGGUCCCGGGAUGGGGGGGCGGUGAGGCAGG,0
chr17,7549057,121,+,GGGCCUCUCCCCGGCCCGAUCCGCCCGCCGGCUCCCCCUCCCCCGAUCCCUCGGGUCCCGGGAUGGGGGGGCGGUGAGGCAGGCACAGCCCCCCGCCCCCGCUAGCCACCAUGACUUCGAA,0
chr17,7549057,124,+,GUCAGUCAGCUAGCCUCUCCCCGGCCCGAUCCGCCCGCCGGCUCCCCCUCCCCCGAUCCCUCGGGUCCCGGGAUGGGGGGGCGGUGAGGCAGGCACAGCCCCCCGCCCCCGCUAGCUGACUGAC,0
chr17,78108605,83,+,GGATTTTGACAGACTGGGAACTCGGGGGACAGGAGGGCAGCACAGTGTAAGCTAAAGCCCTGTGTAGGGACCCCACGCAAAGA,0
chr2,217801498,19,-,GGGCUGGGAUGGGAAAGGG,1
chr17,17972391,83,-,GGGAGAGACGCGGCAAGGGGGCGGGGCCAAAGGCCCUAAGCUCGGCGUUCCAGAGAGUGGGGAGGGGGCAAGUGUCAGUCAGG,1
chr17,17972314,179,-,AGAGCUAGCAGAGACGCGGCAAGGGGGCGGGGCCAAAGGCCCUAAGCUCGGCGUUCCAGAGAGUGGGGAGGGGGCAAGUGUCAGUCAGGACGGGAGUCCGGCGGGUUACAGCGGAGGCCUAGGUGGCAGACAGGGGGCCCGGGCCGCUGCGUGUUGUCCACCCAAGGCUAGCACUGACU,1
chr17,7676315,22,-,AGGGCUGGGGGGGCUGGGGGGC,1
chr17,7676347,25,-,AGGGUUGGGCUGGGACCUGGAGGGC,1
chr17,7676315,42,-,AGGGUUGGGCUGGGACCUGGAGGGCUGGGGGGGCUGGGGGGC,1
chr17,7668274,49,-,AUGAGUGUGGGCUGGGGGGCCCAGUGCCCGGGUUCCGGGAGGGGAACAA,1
chr17,7676273,92,-,UAAGGAGAAGGGUUGGGCUGGGACCUGGAGGGCUGGGGGGGCUGGGGGGCUGAGGACCUGGUCCUCUGACUGCUCUUUUCACCCAUCUACAG,1
chr19,54436474,63,+,GGGAGUAGCUGAGGGGGCAGACUAGGGAGUAGGGCUGGCAGGGGAGGGGGCAGACAGCCUCGC,1
chr19,54436448,128,+,GGGUGCUCCCAUUUCUGUCCUUGGCCUUGGGAGUAGCUGAGGGGGCAGACUAGGGAGUAGGGCUGGCAGGGGAGGGGGCAGACAGCCUCGCCUCGCACCCUUCAUCCCUGGCUGCCGGUCCCAUCCUU,0
chr7,157139098,17,+,GGGCAGGGCUGGGAGGG,1
chr6,43770982,18,+,GGAGGAGGGGGAGGAGGA,1
chr6,43770953,294,+,GCUAGCUCGGGCCGGGAGGAGCCGCAGCCGGAGGAGGGGGAGGAGGAAGAAGAGAAGGAAGAGGAGAGGGGGCCGCAGUGGCGACUCGGCGCUCGGAAGCCGGGCUCAUGGACGGGUGAGGCGGCGGUGUGCGCAGACAGUGCUCCAGCCGCGCGCGCUCCCCAGGCCCUGGCCCGGGCCUCGGGCCGGGGAGGAAGAGUAGCUCGCCGAGGCGCCGAGGAGAGCGGGCCGCCCCACAGCCCGAGCCGGAGAGGGAGCGCGAGCCGCGCCGGCCCCGGUCGGGCCUCCGAAACC,1
chr6,43770953,294,+,GCUAGCUCGGGCCGGGAGGAGCCGCAGCCGGAGGAGGGGGAGGAGGAAGAAGAGAAGGAAGAGGAGAGGGGGCCGCAGUGGCGACUCGGCGCUCGGAAGCCGGGCUCAUGGACGGGUGAGGCGGCGGUGUGCGCAGACAGUGCUCCAGCCGCGCGCGCUCCCCAGGCCCUGGCCCGGGCCUCGGGCCGGGGAGGAAGAGUAGCUCGCCGAGGCGCCGAGGAGAGCGGGCCGCCCCACAGCCCGAGCCGGAGAGGGAGCGCGAGCCGCGCCGGCCCCGGUCGGGCCUCCGAAACC,1
chr6,43770209,1038,+,UCGCGGAGGCUUGGGGCAGCCGGGUAGCUCGGAGGUCGUGGCGCUGGGGGCUAGCACCAGCGCUCUGUCGGGAGGCGCAGCGGUUAGGUGGACCGGUCAGCGGACUCACCGGCCAGGGCGCUCGGUGCUGGAAUUUGAUAUUCAUUGAUCCGGGUUUUAUCCCUCUUCUUUUUUCUUAAACAUUUUUUUUUAAAACUGUAUUGUUUCUCGUUUUAAUUUAUUUUUGCUUGCCAUUCCCCACUUGAAUCGGGCCGACGGCUUGGGGAGAUUGCUCUACUUCCCCAAAUCACUGUGGAUUUUGGAAACCAGCAGAAAGAGGAAAGAGGUAGCAAGAGCUCCAGAGAGAAGUCGAGGAAGAGAGAGACGGGGUCAGAGAGAGCGCGCGGGCGUGCGAGCAGCGAAAGCGACAGGGGCAAAGUGAGUGACCUGCUUUUGGGGGUGACCGCCGGAGCGCGGCGUGAGCCCUCCCCCUUGGGAUCCCGCAGCUGACCAGUCGCGCUGACGGACAGACAGACAGACACCGCCCCCAGCCCCAGCUACCACCUCCUCCCCGGCCGGCGGCGGACAGUGGACGCGGCGGCGAGCCGCGGGCAGGGGCCGGAGCCCGCGCCCGGAGGCGGGGUGGAGGGGGUCGGGGCUCGCGGCGUCGCACUGAAACUUUUCGUCCAACUUCUGGGCUGUUCUCGCUUCGGAGGAGCCGUGGUCCGCGCGGGGGAAGCCGAGCCGAGCGGAGCCGCGAGAAGUGCUAGCUCGGGCCGGGAGGAGCCGCAGCCGGAGGAGGGGGAGGAGGAAGAAGAGAAGGAAGAGGAGAGGGGGCCGCAGUGGCGACUCGGCGCUCGGAAGCCGGGCUCAUGGACGGGUGAGGCGGCGGUGUGCGCAGACAGUGCUCCAGCCGCGCGCGCUCCCCAGGCCCUGGCCCGGGCCUCGGGCCGGGGAGGAAGAGUAGCUCGCCGAGGCGCCGAGGAGAGCGGGCCGCCCCACAGCCCGAGCCGGAGAGGGAGCGCGAGCCGCGCCGGCCCCGGUCGGGCCUCCGAAACC,1
chr14,100239035,33,+,GGGCGCGGGCGCACCGAGGCGAGGGAGGCGGGG,0
chr14,100239035,33,+,GGGCGCGGGCGCACCGAGGCGAGGGAGGCGGGG,1
chr14,100238765,36,+,AGGGCGAACGGGCGAGUGGCAGCGAGGCGGGGCGGG,0
chr14,100238765,36,+,AGGGCGAACGGGCGAGUGGCAGCGAGGCGGGGCGGG,1
chr14,100238897,45,+,GGAAGGAGGCGGAGGCGCAGGAGGAAGGGGGAAGCGGAGCGCCGG,0
chr14,100238897,45,+,GGAAGGAGGCGGAGGCGCAGGAGGAAGGGGGAAGCGGAGCGCCGG,1
chr14,100238932,47,+,GGAGCGCCGGCCCGGAGGGCGGGAGGAGGCGCGGCCAGGGCGGGCGG,0
chr3,44923013,17,-,GGGUGGGCUGGGAUGGG,1
chr3,147410067,27,+,GGGUGGGGGGGGCGGGGGAGGCCGGGG,1
chr3,147410067,64,+,GGUCUUCGGACCAAGGGUGGGGGGGGCGGGGGAGGCCGGGGCAAAUCGCGCUUCGGUGCGGUUC,1
chr2,179861435,65,-,GGGAGACAAGAAUAAACGCUCAAGGGCCGGGCCGGGCCGGGUUCGACAGGAGGCUCACAACAGGC,1
chr1,247104032,65,-,GGGAGACAAGAAUAAACGCUCAAGGGCCGGGCCGGGCGGGGUUCGACAGGAGGCUCACAACAGGC,1
chr19,13831628,23,+,GGGCACUAGGGUCCCAGGGUGGG,1
