Unnamed: 0,chromosome,start,length,strand,label,sequence
0,chr1,29326613.0,56.0,+,1.0,GGTTATTTTTGGTTGGGTGGGTGGGAAGGTCTCTTTAAAATGGGGCAGGCCACACC
1,chr1,40240781.0,17.0,+,1.0,GGGAGGGAGGGCTAGGG
2,chr1,47416072.0,244.0,+,1.0,GGGAAGGGGTGAGTCTGGGTCTGGG
3,chr1,109929922.0,40.0,+,1.0,GAGGGAAGGGACTAGTGGGAGAGAGCAAGGGAGGGGAGGG
4,chr1,156591766.0,39.0,+,0.0,GGGCCGGGCCGGGCCGGGGG
5,chr1,218345646.0,23.0,+,1.0,GGGAAAGGGTGGGAGTCCAAGGG
6,chr1,36341627.0,20.0,-,1.0,GGGACAGGGCAGGGACAGGG
7,chr1,37811596.0,79.0,-,1.0,GGGATATTGGAGGGTGGGTGGGTTTTCCTGAGAGACTTTGTATAATGCTGAATGTGTCCAGAGGGACAAGTTTGCAGAA
8,chr1,39901724.0,124.0,-,0.0,GGGAGCCGGTCCGCTCCAGGTGGCGGGCGGCTGGAGCGAGGTGAGGCTGCGGGTGGCCAGGGCACGGGCGCGGGTCCCGCGGTGCGGGCTGGCTGCAGGCTGCCTTCTGGGCACGGCGCGCCCC
11,chr1,206110084.0,62.0,-,1.0,GGTTCTCTGCCCACCTCGGGCACTGGAAATGAGAGCTGGGAGGGTAAGGGTTGGAGTTAGAG
13,chr2,74557193.0,58.0,+,1.0,GGCAGAAGCCAGAGGGTGGGAGGGGCCATGCTGTGTGAGACCAGGGGACCAGAGGGAT
14,chr2,85133609.0,76.0,+,0.0,GGGCGCCGGGCCGGGCCGGGCAGGGCGCGGGCGGCTAGGGGCTCCGAGAGCGGCGGCCCCGGCCCGCGGCCCCACC
15,chr2,218217161.0,30.0,+,1.0,AGCCGGGGGCTGGGCGGGGACCGGGCTTGT
17,chr2,157628756.0,130.0,-,1.0,GGGCCGCCCGGCTGCGGGGCCAGTGGCAGGAGCGCCGCGCACCGCCAGCCGCAGGGGGCGTGGGATGGGGGCGGCCGGGGAGGGGGGCGCCCACACTGACTAGAGCCAACCGCGCACTTCAAAAGGGTGT
18,chr2,177264744.0,31.0,-,1.0,TGTGGGGCGGGAGGCGGAGCGGGGCAGGGGC
20,chr2,217801498.0,19.0,-,1.0,GGGCTGGGATGGGAAAGGG
21,chr3,49534800.0,75.0,+,1.0,GGTACTTTTTAGGGAGGAATGCCTTTCGCAATAATGTATCCATTCCCTGATTGAGGGTGGGTGGGTGGACCCAGG
22,chr3,50236218.0,120.0,+,0.0,GGGCCGACCCGAGTGCTTCCCGCAGAGGGCTGGTGGTGGGAGCGGAGTGGGTCGGGCGGGGCCGAGCCGGGCCGTGGGCCGTGTGGGGGCCGGGCGGCGGCCGGGCCGGCGGACGGCGGG
23,chr3,147410067.0,64.0,+,1.0,GGGTGGGGGGGGCGGGGGAGGCCGGGG
24,chr3,180976568.0,57.0,+,1.0,GGGCAAAATATGGCAGAGATGGGGGGTGGTGGGTGGGGTGGGATCCCTAACGTAATA
25,chr3,9780297.0,80.0,-,0.0,GGAAGCTGCTGGATGGGTAGCCCTCACCCCTGCCTCAGGCTGATTATCTGGCCTAGGGGAGGGGAAGGGAGGCCCACTTC
26,chr3,44923013.0,17.0,-,1.0,GGGTGGGCTGGGATGGG
27,chr3,48404166.0,79.0,-,0.0,GGTCTGCAGGGAGTTGGGGACTAAGGGCTTCCAGAGAGTGGCTGGAAGAGACTCCAGGCCCCTGGGGAGACTGTACTGT
28,chr3,49903610.0,264.0,-,1.0,AGTGTACAGCGGCGGCTGGGGCGGCAGGTGAGGCGGCTGGGGCGTTGCTGTCGTGCGTCCGCAGGCGTCAGGTGCTCAGACCCGAGGGCCGGGAAGGGATTTGGGTTTCACAGGAACCTGGGGCGGGGGTCCGCTATCTTGGGGCTGTCGGGACCGCTGCTTAAATTTGGCCCAGTCCAGACCTCGAGTCGGGCCCCCAGCCAGGCCCACGCCCAGGTCCAGGCCCAGGCCGGTAGGGATCCTCTAGGGTCCCAGCTCGCCTCG
29,chr3,52401796.0,21.0,-,1.0,GGGTGGGCCCTGGGCTCTGGG
30,chr3,169663520.0,116.0,-,1.0,GGATTGAGAGAAAGGGAGAGAGGGAGGGAGAGAGAGTGAAAGAAGAAAATACAGAGAGTGAGTGTGTGGAAGAGAGAGAGAAACAGGAGAGAAACAGGAGGGAGGGAGAGAGAGAG
31,chr3,169765043.0,55.0,-,1.0,GGGTTGCGGAGGGTGGGC
32,chr4,122826692.0,538.0,+,1.0,CGCCGAACTCAGAGGCCGGCCCCAGAAAACCCGAGCGAGTAGGGGGCGGCGCGCAGGAGGGAGGAGAACTGGGGGCGCGGGAGGCTGGTGGGTGTGGGGGGTGGAGATGTAGAAGATGTGACGCCGCGGCCCGGCGGGTGCCAGATTAGCGGACGCGGTGCCCGCGGTTGCAACGGGATCCCGGGCGCTGCAGCTTGGGAGGCGGCTCTCCCCAGGCGGCGTCCGCGGAGACACCCATCCGTGAACCCCAGGTCCCGGGCCGCCGGCTCGCCGCGCACCAGGGGCCGGCGGACAGAAGAGCGGCCGAGCGGCTCGAGGCTGGGGGACCGCGGGCGCGGCCGCGCGCTGCCGGGCGGGAGGCTGGGGGGCCGGGGCCGGGGCCGTGCCCCGGAGCGGGTCGGAGGCCGGGGCCGGGGCCGGGGGACGGCGGCTCCCCGCGCGGCTCCAGCGGCTCGGGGATCCCGGCCGGGCCCCGCAGGGACCATGGCAGCCGGGAGCATCACCACGCTGCCCGCCTTGCCCGAGGATGGCGGCAGCG
33,chr5,112707534.0,74.0,+,1.0,GGGCAAGTAGCAAGGGGGCGGGGTGTGGCCGCCGGAAGCCTAGCCGCTGCTCGGGGGGGACCTGCGGGCTCAGG
34,chr5,153490806.0,69.0,+,1.0,GGCGAGAAGAATAAAGGGAAAGGGGGGGAAACACCAAATCTATGATTGGACCTGGGCTTCTTTTTCGCC
35,chr5,173144440.0,106.0,+,1.0,GGCTCTAGGGGGCGCTGCCCCGAGACTGGGTGGGGAGGGAAAGAAGGTGGTGCG
37,chr5,135028038.0,36.0,-,1.0,AGCGGGCAGTGCGGGCCTGGCGGGAGGTGGGGGAGG
38,chr5,135028187.0,30.0,-,1.0,GTTGGGGCGGGCGTTGGGTTTGGGGGGACG
39,chr5,135028717.0,30.0,-,1.0,GAGCGGGGAAGGGCGCGGGCGCGGGCGCGG
41,chr5,135399135.0,65.0,-,1.0,GGGAGAGCGCGGGCCGCGCGGGCGGGAAGCGAAGAGGCGGGCGGGCCAGCGAGGAGCGCGGAGAG
42,chr6,37174369.0,22.0,+,1.0,GGGGGTGGGGGGTGGGGGTGGG
43,chr6,43770982.0,18.0,+,1.0,GGAGGAGGGGGAGGAGGA
44,chr6,151944226.0,36.0,+,1.0,GATGATGGGGAGGGCAGGGGTGAAGTGGGGTCTGCT
45,chr6,41941765.0,20.0,-,1.0,GGGCGGCGGGCGGGCTGGGG
46,chr6,85642954.0,128.0,-,1.0,GGGAGCTGGAGGAGGGCAGGGGCTGAGGGAGTGAGTGAAGCGGACGCGCGAGGGAGGGGAGGGAAGGGAAGGGAAGGGAAGGGGGGGTCACGCGGGGGCGCGCGCGCGCACCGGGAGCGCGCTCGGAG
47,chr7,129485906.0,73.0,+,0.0,GGCGCTGTTACCAGTTCAGGGCTCTTCTGGGGGCTCTTGGGCCTAAAGATGGTGCAAGGGTGGGATCCTGAAT
48,chr7,157139098.0,17.0,+,1.0,GGGCAGGGCTGGGAGGG
53,chr8,109539882.0,45.0,+,1.0,GGAGCCTCCGCCGGGCGGGCGGGGAGGGGGAGGGGCAGGTTTTGA
54,chr8,11868120.0,18.0,-,1.0,GGGGCGGGGCCGGGAGGG
55,chr8,88327259.0,20.0,-,1.0,GAGGGAGGGAGGGAGAGGGA
56,chr8,142773471.0,21.0,-,1.0,GGGACCTTGGGTGGGAACGGG
57,chr9,132582731.0,46.0,+,1.0,GGGGCAGCGGCGGCTGGGGTTGGGGGTGGGTGGGGAGCTTTTGGGG
59,chr9,137226066.0,83.0,+,0.0,GGCCCTGCCAGGGCCAGGACCCAGACTTCAGCAAATGTGGCTCACACAGTGCCGGGACATGCCGGGACATGCGGGGTGGCTGT
60,chr9,27573524.0,24.0,-,1.0,GGGGCCGGGGCCGGGGCCGGGGC
61,chr9,33264675.0,91.0,-,1.0,AGGCCGGGGCGGGGCTGGGAAGTAGTCGGGCGGGGTTGTGAGACGCCGCGCTCAGCTTCCATCGCTGGGCGGTCAACAAGTGCGGGC
62,chr10,35126900.0,125.0,+,1.0,GGGAGCCTGGATTTTTTTCCTCGGGGCCTCCCCCGGGAGGCCGTCCCGGCGTGGGGGAGGGGAGGACGGGGCGGGAGGACGCGGTTCGGTCGGCTGCAGCGCTACTTTTGGTCCGGGGTCGGCAG
63,chr10,47523885.0,131.0,-,1.0,GGGTGAGCTGTTGGGGAGGGGTGGCAGGCAGGGTGGGGCACTGTGAGGTGTCGGGGAGGGCATTGTGAAGTGTGGGGTGGGGCATTGTGTGCCACATGCCTGGGCTCCCACCTGGGGCCAGTGGGCTTCAG
64,chr11,47980704.0,129.0,+,0.0,GGGCTAGGCTCCGGCGTGTGGCCGCGGCCGCCGCCGCCGCTGCCATGTCTCCGGGGAAGCCCGGGGCGGGCGGAGCGGGGACGAGGCGGACCGGCTGGCGGAGGAGGAGGCGAAGGAGACGGCAGGAGG
65,chr11,68449194.0,44.0,+,1.0,GGGAACTGTGATGGGGTGGGCAGGGCTGGGAGAACTTTGTACAG
66,chr11,106077565.0,38.0,+,1.0,GGGGGCGGGCTGGGAGGGCTGTCGGTGGGCCAGTCTGC
67,chr11,118436532.0,82.0,+,0.0,GGCGCTTCCCCGCCCGACCCGGGACCACCGGGGGCGGCGGCGGCGGGGGGCGCCGGGGCCTAGGGGGCGCCCCGCGGCAACG
68,chr11,2130758.0,39.0,-,1.0,GGAGGGGTGGGTGGGGGGCAGTGGGGGCTGGGCGGGGGG
69,chr11,2137217.0,35.0,-,0.0,GGCTTCCTCCTCCTCCTCTTCCTCCTCCTCCTCCT
70,chr11,2161073.0,19.0,-,1.0,AGGGAGGACGTGGCTGGGC
71,chr11,67401827.0,81.0,-,1.0,GGGCGGGGCCGCGGGCCGGGGGCGGACTGGGGCGGGCGGAAGGAGAGCCAGGCCGGAAGGAGGCTGCCGGAGGGCGGGAGG
72,chr11,117295271.0,34.0,-,1.0,GGGCAAGTGGGAAGGGGAGCTGGGCA
73,chr11,126355552.0,27.0,-,1.0,GGGGTGGAGGAGGGGGAAGGGCGGGGG
74,chr12,991438.0,18.0,+,1.0,GGGCTGGGCTGGGCAGGG
75,chr12,120093276.0,22.0,+,1.0,GGGCCCCATGGGTCCGGGAGGG
76,chr12,25250870.0,16.0,-,1.0,TGGCGGCGGCGAAGGT
77,chr12,25250904.0,13.0,-,1.0,GCGGCGGCGGAGG
78,chr14,36662125.0,16.0,+,1.0,GGGAAGGGAGGGAGGG
79,chr14,36662154.0,15.0,+,1.0,GGGAGGGAGGGAGGG
80,chr14,104179893.0,67.0,+,1.0,GGTTTCTGTGCAGGACGGGAGTCTCAGAGAGGAGACGGAGTGTGGGGGAGGGAGGGCCGGCCACGCG
81,chr14,64338146.0,126.0,-,0.0,GGGAGTGTCAGAGCTGGAGCGCGCGTGGCCCCCTCTGTGTTGGGGTCACCCCGGGGTTGCCAGGGCTCAGGGAGGGTCGTAGTCTGGATTTTCTCACCCGCACGTCCCCACCCCCCAGCAGGTCTG
82,chr15,58988285.0,83.0,+,0.0,GGCCTACAGTGAGGGAGTGTGGGTGAGGGGATTTCTCTCCCACTTCCGACTCTCCCTAGAGTCTCAGGATGGGGGCTGAGGAC
84,chr15,58749885.0,66.0,-,1.0,TGGGGGACGGGTAGGGGCGGGAGGTAGGGG
85,chr16,23672490.0,78.0,+,1.0,GGATCATACTGTGTTTTGGTAGGGAGGGAGGGAGGAAGCAAGCAAGTGAACAAATGAGTCTGGGATTTAGGACTTGCC
87,chr16,30123210.0,85.0,-,1.0,GGGCGGGTGACAGGCAGGCGGGAAGGGGCGGGGCCTCGGGCGGGGCCGCCGTGGGGAGGAGGGCGGTGGGAGGGGAGGAGTGGAG
88,chr16,53503240.0,19.0,-,1.0,GGGGTGGGGCGGGGCGGGG
89,chr16,69385864.0,55.0,-,1.0,CGGGAGGGCGGGGAGGGC
90,chr17,7549083.0,54.0,+,0.0,GGCTCCCCCTCCCCCGATCCCTCGGGTCCCGGGATGGGGGGGCGGTGAGGCAGG
91,chr17,35847071.0,16.0,+,1.0,GGGTGGGAGGGCTGGG
92,chr17,39663188.0,19.0,+,1.0,GGGCAGGGTCTGGGCTGGG
94,chr17,44557611.0,60.0,+,1.0,GGGGAAGAAGCGCAGTCTCCGGGTTGGGGGCGGGGGCGGGGGGGGCGCCAAGGAGCCGGG
96,chr17,78108605.0,83.0,+,0.0,GGATTTTGACAGACTGGGAACTCGGGGGACAGGAGGGCAGCACAGTGTAAGCTAAAGCCCTGTGTAGGGACCCCACGCAAAGA
97,chr17,181498.0,56.0,-,0.0,GGGCCTGCTGAGCCGCCCCCGGGCCGGGGTCGCGCCGGGCCGGGCCGCGCCCGGGG
98,chr17,1456161.0,34.0,-,1.0,CCGCTGGGCGGCGGGCGCCGGGGGCCGGAGGGGC
99,chr17,6454319.0,17.0,-,1.0,GGGTGGGCTGGGAAGGG
100,chr17,7668274.0,49.0,-,1.0,ATGAGTGTGGGCTGGGGGGCCCAGTGCCCGGGTTCCGGGAGGGGAACAA
101,chr17,7676315.0,57.0,-,1.0,AGGGCTGGGGGGGCTGGGGGGC
102,chr17,17972391.0,83.0,-,1.0,GGGAGAGACGCGGCAAGGGGGCGGGGCCAAAGGCCCTAAGCTCGGCGTTCCAGAGAGTGGGGAGGGGGCAAGTGTCAGTCAGG
103,chr17,48101001.0,80.0,-,1.0,GGGCGTGAAGGATGGAGAGGGCGGGGCGCGAATCCTGAGCCAGAGACTGAGTGCTTGGGGGTGGGCCGAGCACTTGGGGG
104,chr17,64897285.0,111.0,-,1.0,GGAAGGCGTGCTTGGGCGGGATTGTGACATAAGAGTGCCCTGGTGACATGGAGCAGATCTGTGGCATAAATAAAGGTGTCATAAAGACAGGGCGGGACTCATGCTTACAAG
105,chr18,47930462.0,96.0,-,0.0,GGGCGCCCGGGCCGCCGGCCGGGCCCGGGCCTGGGGGCGGGGCGGGAAGACGGCGGCCGGGAGTGTTTTCAGTTCCGCCTCCAATCGCCCATTCCC
106,chr18,48950624.0,91.0,-,0.0,GGGCGGAGAGCCGCGCAGGGCGCGGGCCGCGCGGGGTGGGGCAGCCGGAGCGCAGGCCCCCGATCCCCGGCGGGCGCCCCCGGGCCCCCGC
107,chr18,63318709.0,62.0,-,1.0,GGGGGCCGTGGGGTGGGAGCTGGGG
108,chr18,63319994.0,31.0,-,0.0,CCGGGGCTCCGGGCCCTCCCTGCCGGCGGCC
109,chr19,1470557.0,21.0,+,1.0,GGGTCCGGGTCTGGGTCTGGG
110,chr19,13831628.0,23.0,+,1.0,GGGCACTAGGGTCCCAGGGTGGG
112,chr19,35142531.0,29.0,+,1.0,GGGAGACTGCGGGTATTCTGGGGAGAGGG
113,chr19,35718274.0,65.0,+,1.0,GGCCCGCGGGTCCAGCGGGGCCGGGGACGGGGTCGGGGCCGGGGCTGGGGCCCGAGTCGAGGCTG
114,chr19,48630238.0,79.0,+,0.0,GGCAGGTTCCCCGGGGCCGGCGCTAGGATTTGCACTAATGTTCCTCTCCCCGCGGGTGGGGGCGGGGAAATTCATATCC
115,chr19,14150815.0,21.0,-,1.0,GGGAGGGAACCCTGGGCAGGG
118,chr19,41619128.0,19.0,-,1.0,GGGCTCTGGGTGGGCCGGG
119,chr19,45370375.0,126.0,-,1.0,GGGCGGGGGGTCTTGAAGATGGGGTCATCGGTGGGCGCGCCTGGGTCCCCAAGGGGGCGAGGGGAGGGTGAAGGGGTGGGACGGGGGCAGCCGCAGGGAGCAGCAGTGATAGCGAGGAGACACTGA
120,chr19,47428971.0,21.0,-,1.0,GGGCCAAGGGATCTGGGTGGG
121,chr19,50659746.0,30.0,-,1.0,GGGGAGGAGAGGTCGGGGTGGGGAGTGGGG
122,chr19,50659777.0,28.0,-,1.0,GGGGTTGGGGAGGGTGTAGGGGGTGGGG
123,chr20,4699487.0,559.0,+,0.0,GGATTCCTTATAATGGGTCAAGGAGGTGGCACCCACAGTCAGTGGAACAAGCCGAGTAAGCCAAAAACCAACATGAAGCACATGGCTGGTGCTGCAGCAGCTGGGGCAGTGGTGGGGGGCCTTGGCGGCTACATGCTGGGAAGTGCCATGAGCAGGCCCATCATACATTTCGGCAGTGACTATGAGGACCGTTACTATCGTGAAAACATGCACCGTTACCCCAACCAAGTGTACTACAGGCCCATGGATGAGTACAGCAACCAGAACAACTTTGTGCACGACTGCGTCAATATCACAATCAAGCAGCACACGGTCACCACAACCACCAAGGGGGAGAACTTCACCGAGACCGACGTTAAGATGATGGAGCGCGTGGTTGAGCAGATGTGTATCACCCAGTACGAGAGGGAATCTCAGGCCTATTACCAGAGAGGATCGAGCATGGTCCTCTTCTCCTCTCCACCTGTGATCCTCCTGATCTCTTTCCTCATCTTCCTGATAGTGGGATGAGTCTAGAGGAAAAAAAAAAAAAAAAAAAAAAAAAAAAAAAAAAAAAAAA
124,chr20,32779878.0,129.0,+,0.0,GGGAGGAGGGAAAATAATGCACTGGCTTCCTGAGCCCCTGCAGAGGCTGAGCAGGGAGAGGGGGCCAGGGCCAGAGGGGACAGAGGCTGGCGGCAGACGGGCCGGGACAGGCAGGTCCTAAATGGCATT
126,chr20,31665988.0,681.0,-,1.0,CTGGTTCCTGACGGGCATGACTGTGGCCAGGTA
127,chr20,31721652.0,28.0,-,1.0,TTGGATCCAGGAGAACGGCGGCTGGGTA
128,chr20,31721722.0,29.0,-,1.0,AAGGAGATGCAGGTATTGGTGAGTCGGAT
129,chr20,31721760.0,23.0,-,1.0,TCGGCGGGGCACTGTGCGTGGAA
130,chr20,31721793.0,34.0,-,1.0,CCGGGATGGGGTAAACTGGGGTCGCATTGTGGCC
131,chr20,31721917.0,33.0,-,1.0,GAGGGAGGCAGGCGACGAGTTTGAACTGCGGTA
132,chr20,31861148.0,82.0,-,0.0,GGCGTCTCTGTGTCCGGGCCGGCCTGCTGCAGCCACCTGGTGCCTTAGTCCTTGGGCTGGGGGAGGGGGCCCACCCTTAAAG
133,chr20,36777674.0,20.0,-,1.0,GGGAGGGAAGGGACCAAGGG
134,chr21,20998418.0,54.0,+,1.0,GGAGGAGCGCGCGGGCTGCGGGCGGCTGGGGCACCGCGGGAGCGGCGGCGGCGG
135,chr21,25880933.0,18.0,-,1.0,GGGGCGGGTGGGGAGGGG
136,chr22,41381929.0,127.0,+,1.0,ATTGGGCGCCTGCGCAGTAGCTGCCCGTGTCGGCAGCTGCAGCGGGTCGCACGGCTCCGGCCCATCTCGGGGGGCGGGCGGGGGAGGCGAGGTGCGCGAGCCGAGTCCGGGGCACG
137,chr22,19431558.0,62.0,-,1.0,GGGCGCGGCGGCCCTGAGGGCGCGGGGCGGGCGGCGGCCGGAGGGCGGGTGGCGCGGGAGGA
