,chromosome,start,length,strand,label,sequence
0,chr1,29326612.0,56.0,+,1.0,GGTTATTTTTGGTTGGGTGGGTGGGAAGGTCTCTTTAAAATGGGGCAGGCCACACC
1,chr1,40240780.0,17.0,+,1.0,GGGAGGGAGGGCTAGGG
2,chr1,47416071.0,244.0,+,1.0,GGGAAGGGGTGAGTCTGGGTCTGGG
3,chr1,109929921.0,40.0,+,1.0,GAGGGAAGGGACTAGTGGGAGAGAGCAAGGGAGGGGAGGG
4,chr1,156591765.0,39.0,+,0.0,GGGCCGGGCCGGGCCGGGGG
5,chr1,218345645.0,23.0,+,1.0,GGGAAAGGGTGGGAGTCCAAGGG
6,chr1,36341628.0,20.0,-,1.0,GGGACAGGGCAGGGACAGGG
7,chr1,37811597.0,79.0,-,1.0,GGGATATTGGAGGGTGGGTGGGTTTTCCTGAGAGACTTTGTATAATGCTGAATGTGTCCAGAGGGACAAGTTTGCAGAA
8,chr1,39901725.0,124.0,-,0.0,GGGAGCCGGTCCGCTCCAGGTGGCGGGCGGCTGGAGCGAGGTGAGGCTGCGGGTGGCCAGGGCACGGGCGCGGGTCCCGCGGTGCGGGCTGGCTGCAGGCTGCCTTCTGGGCACGGCGCGCCCC
9,chr1,114716864.0,21.0,-,1.0,TGTGGGAGGGGCGGGTCTGGG
10,chr1,206110085.0,62.0,-,1.0,GGTTCTCTGCCCACCTCGGGCACTGGAAATGAGAGCTGGGAGGGTAAGGGTTGGAGTTAGAG
11,chr2,74557192.0,58.0,+,1.0,GGCAGAAGCCAGAGGGTGGGAGGGGCCATGCTGTGTGAGACCAGGGGACCAGAGGGAT
12,chr2,85133608.0,76.0,+,0.0,GGGCGCCGGGCCGGGCCGGGCAGGGCGCGGGCGGCTAGGGGCTCCGAGAGCGGCGGCCCCGGCCCGCGGCCCCACC
13,chr2,218217160.0,30.0,+,1.0,AGCCGGGGGCTGGGCGGGGACCGGGCTTGT
14,chr2,157628760.0,130.0,-,1.0,GGGCCGCCCGGCTGCGGGGCCAGTGGCAGGAGCGCCGCGCACCGCCAGCCGCAGGGGGCGTGGGATGGGGGCGGCCGGGGAGGGGGGCGCCCACACTGACTAGAGCCAACCGCGCACTTCAAAAGGGTGT
15,chr2,177264745.0,31.0,-,1.0,TGTGGGGCGGGAGGCGGAGCGGGGCAGGGGC
16,chr2,217801499.0,19.0,-,1.0,GGGCTGGGATGGGAAAGGG
17,chr3,49534799.0,75.0,+,1.0,GGTACTTTTTAGGGAGGAATGCCTTTCGCAATAATGTATCCATTCCCTGATTGAGGGTGGGTGGGTGGACCCAGG
18,chr3,50236217.0,120.0,+,0.0,GGGCCGACCCGAGTGCTTCCCGCAGAGGGCTGGTGGTGGGAGCGGAGTGGGTCGGGCGGGGCCGAGCCGGGCCGTGGGCCGTGTGGGGGCCGGGCGGCGGCCGGGCCGGCGGACGGCGGG
19,chr3,147410066.0,27.0,+,1.0,GGGTGGGGGGGGCGGGGGAGGCCGGGG
20,chr3,180976567.0,57.0,+,1.0,GGGCAAAATATGGCAGAGATGGGGGGTGGTGGGTGGGGTGGGATCCCTAACGTAATA
21,chr3,9780299.0,80.0,-,0.0,GGAAGCTGCTGGATGGGTAGCCCTCACCCCTGCCTCAGGCTGATTATCTGGCCTAGGGGAGGGGAAGGGAGGCCCACTTC
22,chr3,44923014.0,17.0,-,1.0,GGGTGGGCTGGGATGGG
23,chr3,48404167.0,79.0,-,0.0,GGTCTGCAGGGAGTTGGGGACTAAGGGCTTCCAGAGAGTGGCTGGAAGAGACTCCAGGCCCCTGGGGAGACTGTACTGT
24,chr3,49903611.0,264.0,-,1.0,AGTGTACAGCGGCGGCTGGGGCGGCAGGTGAGGCGGCTGGGGCGTTGCTGTCGTGCGTCCGCAGGCGTCAGGTGCTCAGACCCGAGGGCCGGGAAGGGATTTGGGTTTCACAGGAACCTGGGGCGGGGGTCCGCTATCTTGGGGCTGTCGGGACCGCTGCTTAAATTTGGCCCAGTCCAGACCTCGAGTCGGGCCCCCAGCCAGGCCCACGCCCAGGTCCAGGCCCAGGCCGGTAGGGATCCTCTAGGGTCCCAGCTCGCCTCG
25,chr3,52401797.0,21.0,-,1.0,GGGTGGGCCCTGGGCTCTGGG
26,chr3,169663521.0,116.0,-,1.0,GGATTGAGAGAAAGGGAGAGAGGGAGGGAGAGAGAGTGAAAGAAGAAAATACAGAGAGTGAGTGTGTGGAAGAGAGAGAGAAACAGGAGAGAAACAGGAGGGAGGGAGAGAGAGAG
27,chr3,169765044.0,18.0,-,1.0,GGGTTGCGGAGGGTGGGC
28,chr4,122826691.0,538.0,+,1.0,CGCCGAACTCAGAGGCCGGCCCCAGAAAACCCGAGCGAGTAGGGGGCGGCGCGCAGGAGGGAGGAGAACTGGGGGCGCGGGAGGCTGGTGGGTGTGGGGGGTGGAGATGTAGAAGATGTGACGCCGCGGCCCGGCGGGTGCCAGATTAGCGGACGCGGTGCCCGCGGTTGCAACGGGATCCCGGGCGCTGCAGCTTGGGAGGCGGCTCTCCCCAGGCGGCGTCCGCGGAGACACCCATCCGTGAACCCCAGGTCCCGGGCCGCCGGCTCGCCGCGCACCAGGGGCCGGCGGACAGAAGAGCGGCCGAGCGGCTCGAGGCTGGGGGACCGCGGGCGCGGCCGCGCGCTGCCGGGCGGGAGGCTGGGGGGCCGGGGCCGGGGCCGTGCCCCGGAGCGGGTCGGAGGCCGGGGCCGGGGCCGGGGGACGGCGGCTCCCCGCGCGGCTCCAGCGGCTCGGGGATCCCGGCCGGGCCCCGCAGGGACCATGGCAGCCGGGAGCATCACCACGCTGCCCGCCTTGCCCGAGGATGGCGGCAGCG
29,chr5,112707533.0,74.0,+,1.0,GGGCAAGTAGCAAGGGGGCGGGGTGTGGCCGCCGGAAGCCTAGCCGCTGCTCGGGGGGGACCTGCGGGCTCAGG
30,chr5,153490805.0,69.0,+,1.0,GGCGAGAAGAATAAAGGGAAAGGGGGGGAAACACCAAATCTATGATTGGACCTGGGCTTCTTTTTCGCC
31,chr5,173144438.0,107.0,+,1.0,GGCTCTAGGGGGCGCTGCCCCGAGACTGGGTGGGGAGGGAAAGAAGGTGGTGCG
32,chr5,135028039.0,36.0,-,1.0,AGCGGGCAGTGCGGGCCTGGCGGGAGGTGGGGGAGG
33,chr5,135028188.0,30.0,-,1.0,GTTGGGGCGGGCGTTGGGTTTGGGGGGACG
34,chr5,135028718.0,30.0,-,1.0,GAGCGGGGAAGGGCGCGGGCGCGGGCGCGG
35,chr5,135399136.0,65.0,-,1.0,GGGAGAGCGCGGGCCGCGCGGGCGGGAAGCGAAGAGGCGGGCGGGCCAGCGAGGAGCGCGGAGAG
36,chr6,37174368.0,22.0,+,1.0,GGGGGTGGGGGGTGGGGGTGGG
37,chr6,43770981.0,18.0,+,1.0,GGAGGAGGGGGAGGAGGA
38,chr6,73394739.0,57.0,+,1.0,GGCAGTGCGAAGTGGGCGGGATAGAGAGCGTGGGCGGGGGGGCTAGCCTCGTGCGGG
39,chr6,151944225.0,36.0,+,1.0,GATGATGGGGAGGGCAGGGGTGAAGTGGGGTCTGCT
40,chr6,41941766.0,20.0,-,1.0,GGGCGGCGGGCGGGCTGGGG
41,chr6,85642954.0,128.0,-,1.0,GGGAGCTGGAGGAGGGCAGGGGCTGAGGGAGTGAGTGAAGCGGACGCGCGAGGGAGGGGAGGGAAGGGAAGGGAAGGGAAGGGGGGGTCACGCGGGGGCGCGCGCGCGCACCGGGAGCGCGCTCGGAG
42,chr7,129485905.0,73.0,+,0.0,GGCGCTGTTACCAGTTCAGGGCTCTTCTGGGGGCTCTTGGGCCTAAAGATGGTGCAAGGGTGGGATCCTGAAT
43,chr7,157139097.0,17.0,+,1.0,GGGCAGGGCTGGGAGGG
44,chr8,109539881.0,45.0,+,1.0,GGAGCCTCCGCCGGGCGGGCGGGGAGGGGGAGGGGCAGGTTTTGA
45,chr8,11868121.0,18.0,-,1.0,GGGGCGGGGCCGGGAGGG
46,chr8,88327260.0,20.0,-,1.0,GAGGGAGGGAGGGAGAGGGA
47,chr8,142773472.0,21.0,-,1.0,GGGACCTTGGGTGGGAACGGG
48,chr9,132582730.0,46.0,+,1.0,GGGGCAGCGGCGGCTGGGGTTGGGGGTGGGTGGGGAGCTTTTGGGG
49,chr9,137226065.0,83.0,+,0.0,GGCCCTGCCAGGGCCAGGACCCAGACTTCAGCAAATGTGGCTCACACAGTGCCGGGACATGCCGGGACATGCGGGGTGGCTGT
50,chr9,27573525.0,25.0,-,1.0,GGGGCCGGGGCCGGGGCCGGGGC
51,chr9,33264676.0,92.0,-,1.0,AGGCCGGGGCGGGGCTGGGAAGTAGTCGGGCGGGGTTGTGAGACGCCGCGCTCAGCTTCCATCGCTGGGCGGTCAACAAGTGCGGGC
52,chr10,35126899.0,125.0,+,1.0,GGGAGCCTGGATTTTTTTCCTCGGGGCCTCCCCCGGGAGGCCGTCCCGGCGTGGGGGAGGGGAGGACGGGGCGGGAGGACGCGGTTCGGTCGGCTGCAGCGCTACTTTTGGTCCGGGGTCGGCAG
53,chr10,47523889.0,131.0,-,1.0,GGGTGAGCTGTTGGGGAGGGGTGGCAGGCAGGGTGGGGCACTGTGAGGTGTCGGGGAGGGCATTGTGAAGTGTGGGGTGGGGCATTGTGTGCCACATGCCTGGGCTCCCACCTGGGGCCAGTGGGCTTCAG
54,chr11,47980703.0,129.0,+,0.0,GGGCTAGGCTCCGGCGTGTGGCCGCGGCCGCCGCCGCCGCTGCCATGTCTCCGGGGAAGCCCGGGGCGGGCGGAGCGGGGACGAGGCGGACCGGCTGGCGGAGGAGGAGGCGAAGGAGACGGCAGGAGG
55,chr11,68449186.0,51.0,+,1.0,GGAAATGTGAACTGTGATGGGGTGGGCAGGGCTGGGAGAACTTTGTACAG
56,chr11,106077564.0,38.0,+,1.0,GGGGGCGGGCTGGGAGGGCTGTCGGTGGGCCAGTCTGC
57,chr11,118436531.0,82.0,+,0.0,GGCGCTTCCCCGCCCGACCCGGGACCACCGGGGGCGGCGGCGGCGGGGGGCGCCGGGGCCTAGGGGGCGCCCCGCGGCAACG
58,chr11,2130759.0,39.0,-,1.0,GGAGGGGTGGGTGGGGGGCAGTGGGGGCTGGGCGGGGGG
59,chr11,2137219.0,35.0,-,0.0,GGCTTCCTCCTCCTCCTCTTCCTCCTCCTCCTCCT
60,chr11,2161074.0,19.0,-,1.0,AGGGAGGACGTGGCTGGGC
61,chr11,65613849.0,55.0,-,0.0,GGCTCCCCAGAGAGGCGTGGGTCTGGGGCTGAGGGCCAGGGCCCGGATGCCCAGG
62,chr11,67401827.0,81.0,-,1.0,GGGCGGGGCCGCGGGCCGGGGGCGGACTGGGGCGGGCGGAAGGAGAGCCAGGCCGGAAGGAGGCTGCCGGAGGGCGGGAGG
63,chr11,117295272.0,34.0,-,1.0,GGGCAAGTGGGAAGGGGAGCTGGGCA
64,chr11,126355553.0,27.0,-,1.0,GGGGTGGAGGAGGGGGAAGGGCGGGGG
65,chr12,991437.0,18.0,+,1.0,GGGCTGGGCTGGGCAGGG
66,chr12,120093275.0,22.0,+,1.0,GGGCCCCATGGGTCCGGGAGGG
67,chr12,25250871.0,16.0,-,1.0,TGGCGGCGGCGAAGGT
68,chr12,25250905.0,13.0,-,1.0,GCGGCGGCGGAGG
69,chr14,36662124.0,16.0,+,1.0,GGGAAGGGAGGGAGGG
70,chr14,36662153.0,15.0,+,1.0,GGGAGGGAGGGAGGG
71,chr14,100238764.0,36.0,+,1.0,AGGGCGAACGGGCGAGTGGCAGCGAGGCGGGGCGGG
72,chr14,100238931.0,47.0,+,0.0,GGAGCGCCGGCCCGGAGGGCGGGAGGAGGCGCGGCCAGGGCGGGCGG
73,chr14,100239034.0,33.0,+,1.0,GGGCGCGGGCGCACCGAGGCGAGGGAGGCGGGG
74,chr14,104179892.0,67.0,+,1.0,GGTTTCTGTGCAGGACGGGAGTCTCAGAGAGGAGACGGAGTGTGGGGGAGGGAGGGCCGGCCACGCG
75,chr14,64338148.0,126.0,-,0.0,GGGAGTGTCAGAGCTGGAGCGCGCGTGGCCCCCTCTGTGTTGGGGTCACCCCGGGGTTGCCAGGGCTCAGGGAGGGTCGTAGTCTGGATTTTCTCACCCGCACGTCCCCACCCCCCAGCAGGTCTG
76,chr15,58988284.0,83.0,+,0.0,GGCCTACAGTGAGGGAGTGTGGGTGAGGGGATTTCTCTCCCACTTCCGACTCTCCCTAGAGTCTCAGGATGGGGGCTGAGGAC
77,chr15,58749886.0,30.0,-,1.0,TGGGGGACGGGTAGGGGCGGGAGGTAGGGG
78,chr16,23672489.0,78.0,+,1.0,GGATCATACTGTGTTTTGGTAGGGAGGGAGGGAGGAAGCAAGCAAGTGAACAAATGAGTCTGGGATTTAGGACTTGCC
79,chr16,30123213.0,85.0,-,1.0,GGGCGGGTGACAGGCAGGCGGGAAGGGGCGGGGCCTCGGGCGGGGCCGCCGTGGGGAGGAGGGCGGTGGGAGGGGAGGAGTGGAG
80,chr16,53503241.0,19.0,-,1.0,GGGGTGGGGCGGGGCGGGG
81,chr16,69385865.0,18.0,-,1.0,CGGGAGGGCGGGGAGGGC
82,chr17,7549082.0,54.0,+,0.0,GGCTCCCCCTCCCCCGATCCCTCGGGTCCCGGGATGGGGGGGCGGTGAGGCAGG
83,chr17,35847070.0,16.0,+,1.0,GGGTGGGAGGGCTGGG
84,chr17,39663187.0,19.0,+,1.0,GGGCAGGGTCTGGGCTGGG
85,chr17,40074365.0,49.0,+,1.0,GGGTGCTGTGCCCTAGGGCCTGGGTGGCAGGGGGTGGGTGGCCTGTGGG
86,chr17,44557610.0,60.0,+,1.0,GGGGAAGAAGCGCAGTCTCCGGGTTGGGGGCGGGGGCGGGGGGGGCGCCAAGGAGCCGGG
87,chr17,78108604.0,83.0,+,0.0,GGATTTTGACAGACTGGGAACTCGGGGGACAGGAGGGCAGCACAGTGTAAGCTAAAGCCCTGTGTAGGGACCCCACGCAAAGA
88,chr17,181499.0,56.0,-,0.0,GGGCCTGCTGAGCCGCCCCCGGGCCGGGGTCGCGCCGGGCCGGGCCGCGCCCGGGG
89,chr17,1456162.0,34.0,-,1.0,CCGCTGGGCGGCGGGCGCCGGGGGCCGGAGGGGC
90,chr17,6454320.0,17.0,-,1.0,GGGTGGGCTGGGAAGGG
91,chr17,7190044.0,19.0,-,1.0,GGGAAAAGGGAGGGATGGG
92,chr17,7668275.0,49.0,-,1.0,ATGAGTGTGGGCTGGGGGGCCCAGTGCCCGGGTTCCGGGAGGGGAACAA
93,chr17,7676317.0,22.0,-,1.0,AGGGCTGGGGGGGCTGGGGGGC
94,chr17,7676347.0,25.0,-,1.0,AGGGTTGGGCTGGGACCTGGAGGGC
95,chr17,17972395.0,83.0,-,1.0,GGGAGAGACGCGGCAAGGGGGCGGGGCCAAAGGCCCTAAGCTCGGCGTTCCAGAGAGTGGGGAGGGGGCAAGTGTCAGTCAGG
96,chr17,48101004.0,80.0,-,1.0,GGGCGTGAAGGATGGAGAGGGCGGGGCGCGAATCCTGAGCCAGAGACTGAGTGCTTGGGGGTGGGCCGAGCACTTGGGGG
97,chr17,64897286.0,111.0,-,1.0,GGAAGGCGTGCTTGGGCGGGATTGTGACATAAGAGTGCCCTGGTGACATGGAGCAGATCTGTGGCATAAATAAAGGTGTCATAAAGACAGGGCGGGACTCATGCTTACAAG
98,chr18,47930463.0,96.0,-,0.0,GGGCGCCCGGGCCGCCGGCCGGGCCCGGGCCTGGGGGCGGGGCGGGAAGACGGCGGCCGGGAGTGTTTTCAGTTCCGCCTCCAATCGCCCATTCCC
99,chr18,48950624.0,91.0,-,0.0,GGGCGGAGAGCCGCGCAGGGCGCGGGCCGCGCGGGGTGGGGCAGCCGGAGCGCAGGCCCCCGATCCCCGGCGGGCGCCCCCGGGCCCCCGC
100,chr18,63318710.0,25.0,-,1.0,GGGGGCCGTGGGGTGGGAGCTGGGG
101,chr18,63319995.0,31.0,-,0.0,CCGGGGCTCCGGGCCCTCCCTGCCGGCGGCC
102,chr19,1470556.0,21.0,+,1.0,GGGTCCGGGTCTGGGTCTGGG
103,chr19,13831627.0,23.0,+,1.0,GGGCACTAGGGTCCCAGGGTGGG
104,chr19,35142530.0,29.0,+,1.0,GGGAGACTGCGGGTATTCTGGGGAGAGGG
105,chr19,35718273.0,65.0,+,1.0,GGCCCGCGGGTCCAGCGGGGCCGGGGACGGGGTCGGGGCCGGGGCTGGGGCCCGAGTCGAGGCTG
106,chr19,48630237.0,79.0,+,0.0,GGCAGGTTCCCCGGGGCCGGCGCTAGGATTTGCACTAATGTTCCTCTCCCCGCGGGTGGGGGCGGGGAAATTCATATCC
107,chr19,54436473.0,63.0,+,1.0,GGGAGTAGCTGAGGGGGCAGACTAGGGAGTAGGGCTGGCAGGGGAGGGGGCAGACAGCCTCGC
108,chr19,14150816.0,21.0,-,1.0,GGGAGGGAACCCTGGGCAGGG
109,chr19,41619129.0,19.0,-,1.0,GGGCTCTGGGTGGGCCGGG
110,chr19,45370375.0,126.0,-,1.0,GGGCGGGGGGTCTTGAAGATGGGGTCATCGGTGGGCGCGCCTGGGTCCCCAAGGGGGCGAGGGGAGGGTGAAGGGGTGGGACGGGGGCAGCCGCAGGGAGCAGCAGTGATAGCGAGGAGACACTGA
111,chr19,47428972.0,21.0,-,1.0,GGGCCAAGGGATCTGGGTGGG
112,chr19,50659747.0,30.0,-,1.0,GGGGAGGAGAGGTCGGGGTGGGGAGTGGGG
113,chr19,50659778.0,28.0,-,1.0,GGGGTTGGGGAGGGTGTAGGGGGTGGGG
114,chr20,4699385.0,14.0,+,0.0,GGCTGGGGGCAGCC
115,chr20,32779872.0,129.0,+,0.0,GGGAGGAGGGAAAATAATGCACTGGCTTCCTGAGCCCCTGCAGAGGCTGAGCAGGGAGAGGGGGCCAGGGCCAGAGGGGACAGAGGCTGGCGGCAGACGGGCCGGGACAGGCAGGTCCTAAATGGCATT
116,chr20,31665994.0,33.0,-,1.0,CTGGTTCCTGACGGGCATGACTGTGGCCAGGTA
117,chr20,31721653.0,28.0,-,1.0,TTGGATCCAGGAGAACGGCGGCTGGGTA
118,chr20,31721723.0,29.0,-,1.0,AAGGAGATGCAGGTATTGGTGAGTCGGAT
119,chr20,31721761.0,23.0,-,1.0,TCGGCGGGGCACTGTGCGTGGAA
120,chr20,31721794.0,34.0,-,1.0,CCGGGATGGGGTAAACTGGGGTCGCATTGTGGCC
121,chr20,31721918.0,33.0,-,1.0,GAGGGAGGCAGGCGACGAGTTTGAACTGCGGTA
122,chr20,31861148.0,82.0,-,0.0,GGCGTCTCTGTGTCCGGGCCGGCCTGCTGCAGCCACCTGGTGCCTTAGTCCTTGGGCTGGGGGAGGGGGCCCACCCTTAAAG
123,chr20,36777675.0,20.0,-,1.0,GGGAGGGAAGGGACCAAGGG
124,chr21,20998417.0,54.0,+,1.0,GGAGGAGCGCGCGGGCTGCGGGCGGCTGGGGCACCGCGGGAGCGGCGGCGGCGG
125,chr21,25880934.0,18.0,-,1.0,GGGGCGGGTGGGGAGGGG
126,chr22,41381928.0,127.0,+,1.0,ATTGGGCGCCTGCGCAGTAGCTGCCCGTGTCGGCAGCTGCAGCGGGTCGCACGGCTCCGGCCCATCTCGGGGGGCGGGCGGGGGAGGCGAGGTGCGCGAGCCGAGTCCGGGGCACG
127,chr22,19431560.0,62.0,-,1.0,GGGCGCGGCGGCCCTGAGGGCGCGGGGCGGGCGGCGGCCGGAGGGCGGGTGGCGCGGGAGGA
